"index","original_content","translated_content"
"29","September 7",""
"31","Fey ＆ Co. Law Offices",""
"41","Looks like forensics is",""
"43","taking the day off today.",""
"45","Detective Gumshoe's",""
"47","nowhere in sight.",""
"49","The police really gave",""
"51","this place a working over.",""
"53","I doubt there are any",""
"55","valuable clues left.",""
"57","Suppose it can't hurt to",""
"59","take a look around,",""
"61"," though.",""
"70","Mia's favorite potted plant.",""
"72","I guess I'll have to",""
"74","water it now...",""
"83","You couldn't cram more legal",""
"85","books in here,",""
"87"," even if you",""
"89","wanted to.",""
"91","All the cases that the chief",""
"93","worked on are filed here.",""
"95","Hmm.",""
"97"," Are some of the files",""
"99","missing...?",""
"101","Nah,",""
"103"," I'm imagining things.",""
"112","The sky is blue,",""
"114"," and so am I...",""
"116","There's that hotel,",""
"119","right across the way.",""
"128","Mia's desk.",""
"130","Perfectly clean,",""
"132"," as always.",""
"134","The only thing it's",""
"136","missing is...",""
"138"," Mia.",""
"147","An old movie poster.",""
"149","Apparently,",""
"151"," this was the",""
"153","first movie that made Mia",""
"155","cry when she saw it.",""
"157","I'll have to check it",""
"159","out one of these days.",""
"169","No clues here.",""
"178","It's funny,",""
"180"," looking at ",""
"182","this room,",""
"184"," it seems...",""
"187","so normal.",""
"189","Hard to imagine a murder took",""
"191","place here.",""
"193","Mr. Grossberg said there",""
"195","would be clues...",""
"197","Maybe I should have",""
"199","another look.",""
"209","Mia's favorite potted plant.",""
"211","I guess I'll have to",""
"213","water it now...",""
"223","All the cases the chief",""
"225","ever worked on are filed",""
"227","here.",""
"229","They're in alphabetical order.",""
"232","Let's take a look...",""
"234","Which file should",""
"236","I look at...?",""
"246","Let's see if there's",""
"248","""A"" record in this file",""
"250","that catches my ""I.""",""
"252","""A""...",""
"254"," ""B""...",""
"256"," ""F""!",""
"260","""Misty Fey.""",""
"263","That's Mia and Maya's mother.",""
"265","Hmmm...",""
"267"," Should I take a look?",""
"276","I don't think it has",""
"278","much to do with the",""
"280","current case.",""
"282","I'd be interested to know",""
"284","what it contains...",""
"286"," but I'll",""
"288","leave it alone for now.",""
"298","""'I have tarnished the Fey",""
"300","name.' Leaving only these",""
"302","words,",""
"304"," my mother vanished.""",""
"306","""I was determined to find the",""
"308","ones who had made my mother",""
"310","blame herself in this way.""",""
"312","""Using the ",""
"314","power that",""
"316","runs in my family,",""
"318"," I held",""
"320","an audience with the dead.""",""
"322","""Finally,",""
"324"," the names of",""
"327","two men",""
"330"," surfaced.""",""
"332","""One was ",""
"334","Marvin Grossberg",""
"337",",",""
"340","a lawyer who sold my mother's",""
"342","information for riches.""",""
"344","""The other was the man",""
"346","who sold that information",""
"348","to the press.""",""
"350","""This ",""
"352","parasite",""
"354",",",""
"356"," who makes",""
"358","his fortune on threats and",""
"360","coercion...""",""
"362","""His name is...""",""
"368","Hmm.",""
"370"," The record stops there.",""
"372","...",""
"374","So Mia knew Grossberg...",""
"384","""T""...",""
"386"," ""U""...",""
"389","I know,",""
"391"," ""W""!",""
"393"," ""White""!",""
"396","...",""
"403","!",""
"408","The entire ""W"" section",""
"410","is missing!",""
"412","Was it taken...?",""
"422","Let's see...",""
"424"," ""J"" ",""
"426","through ""S""...",""
"428"," ",""
"430","Nothing much in here.",""
"432","Maybe I'll just",""
"434","skim some of this?",""
"443","Nah...",""
"445"," this is taking",""
"447","too long.",""
"449"," Later.",""
"451","*yawn*",""
"454","I've never been good at",""
"456","reading these things.",""
"465","*sigh*",""
"467","Well,",""
"469"," no harm in flipping",""
"471","through a bit,",""
"473"," I guess...",""
"475","The biggest part's here",""
"478","at the end in ""S""...",""
"483","""Suicide""?",""
"485"," Eww...",""
"487","She has a collection of",""
"489","suicide reports.",""
"491"," There's",""
"493","politicians...",""
"495"," policemen...",""
"499","...",""
"504","...!",""
"507","There's writing on most",""
"509","of these in pencil.",""
"514","""White""...?",""
"517","This is Mia's handwriting.",""
"519","Wait,",""
"521"," I get it!",""
"524","Mia thought he was involved",""
"526","in these ""suicides""!",""
"528","White drove them all to...",""
"531","...",""
"538","I can use these",""
"540","newspaper clippings.",""
"542","Hmm...",""
"544"," let's find the",""
"546","most disturbing one...",""
"554","Newspaper Clipping added",""
"556","to the Court Record.",""
"567","Shall I check Mia's",""
"569","files once more?",""
"578","Which file to check?",""
"588","I don't see much point",""
"590","in checking files that",""
"592","are missing all the key parts.",""
"594","Argh.",""
"597","I give up.",""
"605","Hmm...",""
"607"," not much in the",""
"609","""J-S"" section.",""
"611","I'm not sure reading suicide",""
"613","accounts will be very good",""
"615","for my mood...",""
"617","I think that's enough",""
"619","reading for today.",""
"626","Let's see if there's",""
"628","anything else interesting",""
"630","in the first file...",""
"632","Right,",""
"634"," the ""DL-6 incident""!",""
"637","Wait...",""
"639","The entire ""D"" file",""
"641","is missing!",""
"643","I'll bet someone",""
"645","""borrowed"" this.",""
"654","The sky is blue,",""
"657","and so am I...",""
"659","There's that hotel,",""
"662","right across the way.",""
"671","Mia's desk.",""
"673","Perfectly clean,",""
"675"," as always.",""
"677","The only thing it's",""
"679","missing is...",""
"681"," Mia.",""
"690","An old movie poster.",""
"692","Apparently,",""
"694"," this was the",""
"696","first movie that made Mia",""
"698","cry when she saw it.",""
"700","I'll have to check it",""
"702","out one of these days.",""
"712","No clues here.",""
"728","September 7, 3:11 PM",""
"730","Detention Center",""
"732","Visitor's Room",""
"753","Well hello!",""
"755","I didn't expect anyone to",""
"757","visit me in such a dank",""
"759","place as this...",""
"761","It's really quite...",""
"763"," moving.",""
"771","Not!",""
"773"," You stinking lawyer!",""
"776","I hope you die!",""
"783","Have you come to laugh?",""
"786","Yes,",""
"788"," laugh at the fallen",""
"790","Miss May!",""
"797","No,",""
"799"," not really,",""
"801"," there's",""
"803","something I wanted to ask.",""
"807","Unfortunately,",""
"809"," there is",""
"811","nothing I want to BE asked.",""
"815","Haven't you done enough",""
"817","questioning,",""
"819"," you...",""
"821","!",""
"827","Spiky-head!",""
"834","(Here we go again...)",""
"838","Please,",""
"840"," you're scaring",""
"842","the security guard.",""
"846","...",""
"852","So?",""
"854"," What is it you wish",""
"856","to ask of me,",""
"858"," then?",""
"860"," Hmm?",""
"866","(For starters,",""
"868"," how did you",""
"870","get to be so totally",""
"872","whacked!?)",""
"884","This guard monitors",""
"886","the visitor's room.",""
"888","He hasn't moved an inch.",""
"891","A real pro,",""
"893"," this guy.",""
"895","Or maybe he just doesn't",""
"897","get to see a lot of women",""
"899","like Miss May in here.",""
"907","Smile for the camera...",""
"915","No clues here.",""
"924","About the man who stayed",""
"926","with you in your hotel room...",""
"930","...",""
"933","Can you tell me about him?",""
"935","Where is he?",""
"939","C'mon...",""
"943","No way,",""
"945"," Jose.",""
"951","(Hmm...",""
"953"," maybe if I had",""
"955","something to get her",""
"957","to talk...)",""
"968","Why did you place a",""
"970","wiretap on Mia's phone?",""
"976","Aww,",""
"978"," when you say it like",""
"980","that it sounds so...",""
"982"," cold.",""
"985","So criminal!",""
"989","Um...",""
"991"," tapping people's",""
"993","phones is a crime,",""
"995"," Miss May.",""
"999","Oh,",""
"1001"," and I suppose you learned",""
"1003","that in Lawyer School,",""
"1005"," hmm?",""
"1008","Creep!",""
"1014","(This woman is impossible",""
"1016","to talk to...)",""
"1027","Say...",""
"1029","Why are you so...",""
"1031"," angry?",""
"1033","I mean,",""
"1035"," you don't look",""
"1038","like a bad person...",""
"1046","Ooh,",""
"1048"," that does it!",""
"1055","Bottom-",""
"1057","feeding,",""
"1059"," scum-sucking",""
"1061","lawyer!",""
"1067","B-",""
"1069","bottom...?",""
"1073","(I can't tell,",""
"1075"," does she have",""
"1077","a thing against lawyers...",""
"1080","or just against me?)",""
"1091","Hey,",""
"1093"," guess what.",""
"1095","Actually,",""
"1097"," I,",""
"1099"," um,",""
"1102","really hate your guts.",""
"1104","So get lost.",""
"1106"," Because,",""
"1109","well,",""
"1111"," I'm not cooperating.",""
"1116","(Thanks,",""
"1118"," I noticed.)",""
"1135","YOU AGAIN!?",""
"1138","Can't you take a hint",""
"1140","and stay gone?",""
"1147","Hey,",""
"1149"," the only reason I'm",""
"1151","back here is because YOU",""
"1153","won't talk to me!",""
"1157","Oh,",""
"1159"," so it's ",""
"1161","MY fault now?",""
"1163","You don't just have spiky",""
"1165","hair,",""
"1167"," you also have a",""
"1169","spiky heart!",""
"1174","(That does it.",""
"1176"," When this case",""
"1178","is done I'm shaving my head.)",""
"1188","This guard monitors",""
"1190","the visitor's room.",""
"1192","He hasn't moved an inch.",""
"1195","A real pro,",""
"1197"," this guy.",""
"1199","Or maybe he just doesn't",""
"1201","get to see a lot of women",""
"1203","like Miss May in here.",""
"1211","Smile for the camera...",""
"1220","No clues here.",""
"1229","About the man who stayed",""
"1231","with you in your hotel room...",""
"1233","Can you tell me about him?",""
"1236","Where is he?",""
"1243","I'm not telling!",""
"1249","Look,",""
"1251"," he's being accused of",""
"1253","murder!",""
"1256"," I don't think you",""
"1258","want to be protecting him.",""
"1262","Hmm.",""
"1264"," Would you have sold",""
"1266","out the late Ms. Fey to",""
"1268","the cops?",""
"1272","No.",""
"1276","See?",""
"1283","(Damn!)",""
"1286","(Hmm...",""
"1288"," maybe if I had",""
"1290","something to get her",""
"1292","to talk...)",""
"1303","Why did you place a",""
"1305","wiretap on Mia's phone?",""
"1311","Aww,",""
"1313"," when you say it like",""
"1315","that it sounds so...",""
"1317"," cold.",""
"1320","So criminal!",""
"1324","Um...",""
"1326"," tapping people's",""
"1328","phones is a crime,",""
"1330"," Miss May.",""
"1334","Oh,",""
"1336"," and I suppose you learned",""
"1338","that in Lawyer School,",""
"1340"," hmm?",""
"1343","Creep!",""
"1348","(This woman is impossible",""
"1350","to talk to...)",""
"1360","Say...",""
"1362","Why are you so...",""
"1364"," angry?",""
"1366","I mean,",""
"1368"," you don't look",""
"1371","like a bad person...",""
"1379","That does it,",""
"1381"," ",""
"1385","you bottom-",""
"1388","feeding,",""
"1390"," scum-sucking lawyer!",""
"1396","B-",""
"1398","bottom...?",""
"1402","(I can't tell,",""
"1404"," does she have",""
"1406","a thing against lawyers...",""
"1409","or just against me?)",""
"1421","Any thoughts about",""
"1423","this photograph?",""
"1426","...",""
"1429","Who's that?",""
"1432","Your mother?",""
"1438","(...)",""
"1443","(*sigh*",""
"1445"," Looks like I've just",""
"1447","been wasting my time.)",""
"1461","Have a look at this.",""
"1465","Look,",""
"1467"," I've said several",""
"1469","times,",""
"1471"," I'm not telling you...",""
"1477","!",""
"1481","Where did you...?",""
"1489","(Ah hah!",""
"1491"," A reaction!)",""
"1494","This is him,",""
"1496"," isn't it?",""
"1502","What?",""
"1504"," Who?",""
"1506"," When?",""
"1508"," Why...?",""
"1512","It IS him.",""
"1514","This is the man who stayed",""
"1516","in your hotel room the night",""
"1518","of the murder!",""
"1524","No!",""
"1526"," No,",""
"1531"," that's not right.",""
"1536","(Nice try,",""
"1538"," Miss Cooperative.)",""
"1545","D-",""
"1547","do you have proof",""
"1549","that was him?",""
"1551"," Hmm?",""
"1553","Y-",""
"1555","yeah!",""
"1557"," Proof!",""
"1562"," Show me proof!",""
"1568","(I'm so close!)",""
"1582","How about this photograph?",""
"1586","You're wasting ",""
"1589","your time!",""
"1592","My lips are sealed!",""
"1604","Could you have",""
"1606","a look at this?",""
"1613","What's that?",""
"1618","The bellboy's affidavit!",""
"1622","It tells us everything he saw.",""
"1625","Such as the man you",""
"1627","checked in with.",""
"1632","Who was most definitely",""
"1634","this guy.",""
"1642","...!",""
"1646","88",""
"1649","(Now I'm getting somewhere!)",""
"1662","(This is it,",""
"1664"," all or nothing!",""
"1667","Time to do a little bluff.)",""
"1673","No use playing dumb!",""
"1677","(If,",""
"1679"," indeed,",""
"1681"," that's an act.)",""
"1685","If you don't talk,",""
"1687"," I'm taking",""
"1689","this info to the press!",""
"1694","W",""
"1698","haaaaat!?",""
"1703","Even though he should've been",""
"1705","witness to murder,",""
"1707"," your little",""
"1709","""friend"" was missing.",""
"1711","I'm sure the press would",""
"1713","have a field day with his",""
"1715","reputation!",""
"1722","...!",""
"1728","Ooooh!",""
"1733","Fine!",""
"1735"," I'll talk!",""
"1737","You...",""
"1739"," you ",""
"1741","win,",""
"1743"," Lawyer.",""
"1752","(Yes",""
"1754","!",""
"1758","Man,",""
"1760"," that felt good!)",""
"1762","(It's great to be alive!)",""
"1768","Why are you pumping your",""
"1770","fists in the air?",""
"1778","*cough*",""
"1780","Now,",""
"1782"," tell me about the",""
"1784","man you were with.",""
"1789","That man...",""
"1792","He's my boss.",""
"1795","Redd White,",""
"1797"," the president",""
"1799","of the information gathering",""
"1801","conglomerate,",""
"1803"," Bluecorp.",""
"1809","(Redd...",""
"1811"," White?)",""
"1816","nformation gathering?""",""
"1820","Well...",""
"1822"," I suppose you could",""
"1824","call it a detective agency.",""
"1828","Hmm...",""
"1830","So this is the man that",""
"1832","was with you the night",""
"1834","of the murder?",""
"1839","...",""
"1845","I'm...",""
"1848","I'm scared to talk.",""
"1852","I don't want to",""
"1854","end up ",""
"1856","like her!",""
"1865","(...!)",""
"1868","It's okay,",""
"1870"," I'll just",""
"1872","ask Mr. White himself.",""
"1874","Can you tell me where",""
"1876","Bluecorp is located?",""
"1880","...",""
"1893","(Mr. Redd White,",""
"1895"," at last!)",""
"1898","(Finally,",""
"1900"," a lead on this guy!)",""
"1903","(If April May couldn't have",""
"1905","done it,",""
"1907"," that leaves him!)",""
"1909","(Time to take action!)",""
"1924","Bellboy's Affidavit discarded.",""
"1944","(Okay,",""
"1946"," okay...",""
"1948"," she's vulnerable",""
"1950","now.",""
"1952"," I should be gentle.)",""
"1956","Miss May...",""
"1959","It would be easy for me to ",""
"1961","hand this affidavit to the",""
"1963","police.",""
"1967","...",""
"1971","If they get involved,",""
"1973"," wouldn't",""
"1975","your boss be even more...",""
"1978","er...",""
"1980"," inconvenienced?",""
"1982","All I want to do is have",""
"1984","a little chat with him.",""
"1986","You won't tell me?",""
"1991","...",""
"1996","Is that all you have to say?",""
"2003","Yes.",""
"2007","If it's so easy for you to",""
"2009","""get the police involved,""",""
"2011","then why don't you?",""
"2013","Somehow I think you're",""
"2015","not up to it,",""
"2017"," hmm?",""
"2025","(Show them a little kindness",""
"2027","and they jump all over you!)",""
"2032","(That had the opposite",""
"2034","effect to what I hoped...)",""
"2040","Aww.",""
"2042"," *smirk*",""
"2046","Poor little lawyer...",""
"2048","And you were so close!",""
"2053","(This isn't working...)",""
"2055","(I think I've worn out this",""
"2057","piece of paper's usefulness.)",""
"2063","Dammit!",""
"2069","Bellboy's Affidavit discarded.",""
"2076","(The man in this photo",""
"2078","is the one I want!)",""
"2080","(Why did April May not want",""
"2082","to talk about it...",""
"2084"," she must",""
"2086","know him!)",""
"2097","Hey,",""
"2099"," guess what.",""
"2101","Actually,",""
"2103"," I,",""
"2105"," um,",""
"2108","really hate your guts.",""
"2110","So get lost,",""
"2112"," because,",""
"2115","well,",""
"2117"," I'm not cooperating.",""
"2122","(Thanks,",""
"2124"," I noticed.)",""
"2134","Apparently,",""
"2136"," Miss May",""
"2138","is in questioning.",""
"2140","I doubt they'll let me",""
"2142","talk to her today.",""
"2150","This guard monitors",""
"2152","the visitor's room.",""
"2154","He hasn't moved an inch.",""
"2157","A real pro,",""
"2159"," this guy.",""
"2167","Smile for the camera...",""
"2176","No clues here.",""
"2196","September 8, 3:37 PM",""
"2198","Detention Center",""
"2200","Visitor's Room",""
"2211","I can't believe it's only",""
"2213","been a day since the first",""
"2215","trial.",""
"2217","My trial begins tomorrow.",""
"2219","White's going to",""
"2221","set a trap for me.",""
"2223","And the prosecution will",""
"2226","be in on it,",""
"2228"," of ",""
"2230","course.",""
"2233","Edgeworth,",""
"2235"," included.",""
"2237","An attorney was assigned to",""
"2239","me by the state,",""
"2241"," yesterday.",""
"2243","I refused.",""
"2246","I had an idea.",""
"2250","...",""
"2252","Wright!",""
"2256","Mr. Wright!",""
"2270","Oh,",""
"2272"," Maya!",""
"2274","Great,",""
"2276"," they let you",""
"2278","out of detention.",""
"2282","Just now,",""
"2284"," yes.",""
"2290","It's all thanks to you!",""
"2295","Hah.",""
"2297"," Now I'm afraid we've",""
"2299","switched places.",""
"2305","What?",""
"2307"," You mean,",""
"2309"," you...?",""
"2322","I explained what had",""
"2324","happened to Maya.",""
"2326","...",""
"2341","I don't believe it!",""
"2343","How many people does that man",""
"2345","need to destroy before he's",""
"2347","satisfied!?",""
"2349"," My mother...",""
"2351","My sister...",""
"2353","And now you!",""
"2360","This has gone too far!",""
"2363","Mr. Wright,",""
"2365"," please tell me,",""
"2370","is there anything I can do?",""
"2376","Um...",""
"2378"," well...",""
"2389","Alright,",""
"2391"," you can be my",""
"2393","defense lawyer tomorrow!",""
"2400","Alright!",""
"2404","Huh?",""
"2411","Leave it to me!",""
"2413"," I am Mia's",""
"2415","sister,",""
"2417"," after all!",""
"2419"," Lawyership",""
"2421","runs in our blood!",""
"2426","(Wasn't it ghost powers",""
"2428"," that",""
"2430","ran in your blood...?)",""
"2436","I'd better run to the",""
"2438","bookstore and pick up a copy",""
"2440","of ""Law for Rookies.""",""
"2448","Well,",""
"2450"," you could cheer",""
"2452","for me in court.",""
"2458","Cheer for you?",""
"2462","You mean...",""
"2464"," like a",""
"2466","cheerleader?",""
"2470","Huh?",""
"2472"," Um,",""
"2474"," yeah,",""
"2476"," like that.",""
"2483","Alright!",""
"2487","Leave it to me!",""
"2491","Huh?",""
"2495","I'd better go get a uniform",""
"2497","and some pom-poms...!",""
"2505","Right.",""
"2507"," Okay,",""
"2509"," listen up.",""
"2512","I want you to help me break",""
"2514","out of here!",""
"2521","You mean...",""
"2523"," a jail break?",""
"2527","Yeah.",""
"2529"," Tonight's our",""
"2531","only chance!",""
"2538","Alright!",""
"2542","Huh?",""
"2546","Oh,",""
"2548"," I'd better go get a",""
"2550","hacksaw while the stores",""
"2552","are still open.",""
"2556","Oh,",""
"2558"," oh!",""
"2560"," And a rope ladder,",""
"2563","and a getaway car!",""
"2566","Can you drive?",""
"2574","...",""
"2578","W-",""
"2580","wait.",""
"2582"," Wait ",""
"2584","wait ",""
"2586","wait.",""
"2597","What",""
"2599"," what ",""
"2601","what?",""
"2605","I'm kidding!",""
"2607"," It was a joke!",""
"2613","No way!",""
"2618","No really,",""
"2620"," I was kidding.",""
"2623","But thanks.",""
"2625"," It's good to know",""
"2627","you're on my side.",""
"2630","(And there really isn't",""
"2632","anything you can do",""
"2634","for me anyway...)",""
"2641","But...",""
"2646"," but I can't just sit",""
"2648","here and do nothing!",""
"2651","I've got to give that",""
"2654","man a ",""
"2657","piece of my mind!",""
"2662","(Just a piece...?)",""
"2665","Okay.",""
"2668","Then,",""
"2670"," come to the",""
"2672","trial tomorrow.",""
"2676","O-",""
"2678","okay!",""
"2680"," I'll be there!",""
"2686","I'll show them",""
"2688","a thing or two!",""
"2703","Times may change,",""
"2705"," yet with",""
"2707","crime it's the same old story.",""
"2709","In fact,",""
"2711"," it's gotten worse.",""
"2714","Lengthy court proceedings",""
"2716","are no longer realistic.",""
"2718","Beginning a few years ago,",""
"2721","a limit of three days was put",""
"2723","on initial court trials.",""
"2725","Almost all finish in a day.",""
"2728","Most with a guilty verdict.",""
"2730","I never thought I would",""
"2732","end up in the defendant's",""
"2734","chair myself for this case.",""
"2744","With the true culprit",""
"2746","appearing as the",""
"2748","star witness.",""
"2753","This is it!",""
"2756","Tomorrow, it's me or him!",""
"2769","              To be continued.",""
"2794","September 7",""
"2796","Grossberg Law Offices",""
"2807","(Huh.",""
"2809"," Looks like Grossberg",""
"2811","is out today...",""
"2813"," again.)",""
"2815","(Maybe ",""
"2818","he's avoiding",""
"2820","me for some reason?)",""
"2833","Wait a second...",""
"2835","Wasn't there a giant painting",""
"2837","hanging on that wall...?",""
"2839","Yeah...",""
"2841"," yeah,",""
"2843"," it was",""
"2845","a painting of...",""
"2855","Wasn't it?",""
"2858","It wasn't a very memorable",""
"2860","painting,",""
"2862"," anyhow.",""
"2870","A solid mahogany desk.",""
"2872","The wood's been polished",""
"2874","to a deep luster.",""
"2882","A table for clients.",""
"2884","Hmm...",""
"2886"," an elegant ebony case,",""
"2889","and if I'm not mistaken,",""
"2891"," that",""
"2893","lighter's made of solid gold.",""
"2895","Even I can tell someone",""
"2897","here's got money to burn.",""
"2905","An expensive potted plant.",""
"2907","No idea what kind of plant it",""
"2909","is,",""
"2911"," but it's probably the",""
"2913","most expensive one available.",""
"2921","Expensive-looking mahogany",""
"2923","bookshelves,",""
"2925"," filled with",""
"2927","expensive-looking books.",""
"2929","Hmm...",""
"2931"," Funny...",""
"2933"," They don't",""
"2935","look like they've ever been",""
"2937","read.",""
"2949","What's this?",""
"2951"," Old photos?",""
"2954","There are two lying here.",""
"2956","Something's been written in",""
"2958","pencil on the backs.",""
"2961","""DL-6 Incident - Exhibit A,""",""
"2965","""DL-6 Incident - Exhibit B""...",""
"2967","Let's take a",""
"2969","look at these...",""
"2980","...",""
"2982","I'm sure I've seen this",""
"2984","person somewhere...",""
"2986","Perhaps I'll borrow this photo.",""
"2988","I'm sure no one will miss",""
"2990","just one little photo.",""
"2992","And it might be a valuable",""
"2994","clue...",""
"2996"," I'll take it for now.",""
"3003","Photograph quietly added",""
"3005","to the Court Record.",""
"3016","Why would Grossberg have",""
"3018","a picture of this man...?",""
"3020","This might be a valuable",""
"3022","clue...",""
"3024"," I'll take it for now.",""
"3026","I'm just borrowing it.",""
"3029","I'll return it later.",""
"3036","Photograph quietly added",""
"3038","to the Court Record.",""
"3048","I don't need it now,",""
"3051","whatever it is.",""
"3053","If I ever run out of",""
"3055","clues,",""
"3057"," I'll know where",""
"3059","to find these.",""
"3062","(Although I can't be sure",""
"3064","the photos will still",""
"3066","be here then...)",""
"3076","A photo lies on the desk.",""
"3079","Maybe I should switch",""
"3081","it with the one I took?",""
"3090","I think I'll swap them...",""
"3099","Photograph added",""
"3101","to the Court Record.",""
"3111","No,",""
"3113"," on second thought,",""
"3116","I'd better not.",""
"3125","A photo lies",""
"3127","on the desk.",""
"3130","Maybe I should switch",""
"3132","it with the one I took?",""
"3141","I think I'll swap them...",""
"3150","Photograph added",""
"3152","to the Court Record.",""
"3162","No,",""
"3164"," on second thought,",""
"3167","I'd better not.",""
"3176","No clues here.",""
"3187","(*sigh*",""
"3189"," He's out again?)",""
"3194","(Huh?",""
"3196"," No more photos",""
"3198","on the desk...)",""
"3209","Wait a second...",""
"3211","Wasn't there a giant painting",""
"3213","hanging on that wall...?",""
"3215","Yeah...",""
"3217"," yeah,",""
"3219"," it was",""
"3221","a painting of...",""
"3231","Wasn't it?",""
"3234","It wasn't a very memorable",""
"3236","painting,",""
"3238"," anyhow.",""
"3246","A solid mahogany desk.",""
"3248","The wood's been polished",""
"3250","to a deep luster.",""
"3258","A table for clients.",""
"3260","Hmm...",""
"3262"," an elegant ebony case,",""
"3265","and if I'm not mistaken,",""
"3267"," that",""
"3269","lighter's made of solid gold.",""
"3271","Even I can tell someone",""
"3273","here's got money to burn.",""
"3281","An expensive potted plant.",""
"3283","No idea what kind of plant it",""
"3285","is,",""
"3287"," but it's probably the",""
"3289","most expensive one available.",""
"3297","Expensive-looking mahogany",""
"3299","bookshelves,",""
"3301"," filled with",""
"3303","expensive-looking books.",""
"3305","Hmm...",""
"3307"," Funny...",""
"3309"," They don't",""
"3311","look like they've ever been",""
"3313","read.",""
"3321","Those photos that were",""
"3323","lying there are gone now.",""
"3325","I guess Grossberg",""
"3327","must have stopped in.",""
"3336","No clues here.",""
"3347","(Alright,",""
"3349"," this is getting",""
"3351","ridiculous.",""
"3353"," Where the heck",""
"3355","is that loafer?)",""
"3360","*Ah-HHHHEM!*",""
"3366","(Ah,",""
"3368"," that old familiar",""
"3370","clearing of the throat...)",""
"3380","Ah hah!",""
"3382"," You again.",""
"3386","Um,",""
"3388"," hello,",""
"3390"," Mr. Grossberg.",""
"3393","...",""
"3396","Well,",""
"3398"," well.",""
"3402","You were quite the",""
"3404","thing,",""
"3406"," my boy.",""
"3411","Excuse me...?",""
"3415","The trial!",""
"3417"," The trial!",""
"3422","(He was there...?)",""
"3427","Reminded me of myself",""
"3429","when I was a youth!",""
"3434","(I guess something got passed",""
"3436","down through Mia...",""
"3438"," maybe?)",""
"3443","It brings back",""
"3445","memories,",""
"3447"," it does!",""
"3450","""Ah...",""
"3452"," the days of my youth...",""
"3455","like the scent of fresh",""
"3457","lemon...""",""
"3459"," you see.",""
"3464","...",""
"3469","I apologize.",""
"3474","?",""
"3478","I...",""
"3480"," It was all a bit",""
"3482","too much for me,",""
"3484"," my boy.",""
"3486","Seeing you today,",""
"3489","I...",""
"3491"," well,",""
"3493"," I...",""
"3496","...",""
"3503","(I appreciate the reminiscing,",""
"3506","but I'd much rather you gave",""
"3508","me some information!)",""
"3518","Wasn't there a giant painting",""
"3520","hanging on that wall...?",""
"3522","Yeah...",""
"3524"," yeah,",""
"3526"," it was",""
"3528","a painting of...",""
"3538","Wasn't it?",""
"3541","It wasn't a very memorable",""
"3543","painting,",""
"3545"," anyhow.",""
"3553","A solid mahogany desk.",""
"3555","The wood's been polished",""
"3557","to a deep luster.",""
"3565","A table for clients.",""
"3567","Hmm...",""
"3569"," an elegant ebony case,",""
"3572","and if I'm not mistaken,",""
"3574"," that",""
"3576","lighter's made of solid gold.",""
"3578","Even I can tell someone",""
"3580","here's got money to burn.",""
"3588","An expensive potted plant.",""
"3590","No idea what kind of plant it",""
"3592","is,",""
"3594"," but it's probably the",""
"3596","most expensive one available.",""
"3604","Expensive-looking mahogany",""
"3606","bookshelves,",""
"3608"," filled with",""
"3610","expensive-looking books.",""
"3612","Hmm...",""
"3614"," Funny...",""
"3616"," They don't",""
"3618","look like they've ever been",""
"3620","read.",""
"3628","That photo that was",""
"3630","lying there is gone now.",""
"3632","Hmm...",""
"3634"," I wonder if someone",""
"3636","noticed that one was missing?",""
"3645","No clues here.",""
"3654","So you came to",""
"3656","see the trial?",""
"3662","Yes,",""
"3664"," yes I did.",""
"3666","Something was bothering me",""
"3668","all last night,",""
"3670"," you see.",""
"3672"," I",""
"3674","couldn't get a wink of sleep.",""
"3680","Really?",""
"3682"," What was that?",""
"3686","Well,",""
"3688"," you see,",""
"3690"," it's just...",""
"3693","Mia's sister,",""
"3695"," that poor girl.",""
"3698","My boy,",""
"3700"," I owe you",""
"3702","my thanks,",""
"3704"," truly.",""
"3706","I don't know what I",""
"3708"," would",""
"3710","have done if things had",""
"3712","gone poorly for the girl.",""
"3717","(If you were that worried",""
"3719","about it,",""
"3721"," why didn't you",""
"3723","offer to defend her!?)",""
"3734","I asked before,",""
"3736"," but,",""
"3738"," why",""
"3740","did you refuse her request",""
"3742","for defense?",""
"3744","I think I have",""
"3746","a right to know.",""
"3749","A right,",""
"3751"," Mr. Wright?",""
"3754","No,",""
"3756"," no,",""
"3758"," I'm sorry.",""
"3760"," It's just,",""
"3764","I need more time to think",""
"3766","about it,",""
"3768"," my boy.",""
"3772","...",""
"3775","(He does seem troubled",""
"3777","about something...)",""
"3779","(Maybe I can find something",""
"3781","that will inspire him to",""
"3783","talk.)",""
"3793","The other day I'm sure there",""
"3795","was a big,",""
"3797"," pretentious-looking",""
"3799","painting on that wall...",""
"3805","""Pretentious-looking""...?",""
"3809","Well...",""
"3811"," you know",""
"3813","the one I mean.",""
"3815","Anyway,",""
"3817"," where did it go?",""
"3821","Ah,",""
"3823"," ",""
"3825","yes,",""
"3827"," well...",""
"3829","I...",""
"3831"," ",""
"3833","got rid of it.",""
"3835"," Got quite",""
"3837","tired of the thing,",""
"3839"," really.",""
"3843","I,",""
"3845"," er,",""
"3847"," sold it,",""
"3849"," you see.",""
"3852","Yes,",""
"3854"," that's right.",""
"3859","(Sold it!?",""
"3865","I'm not sure I buy that...)",""
"3868","Wasn't that painting rather",""
"3870","important to you,",""
"3872"," sir?",""
"3874","Did something happen?",""
"3881","I don't see how it's",""
"3883","any of your business!",""
"3888","Please,",""
"3890"," speak no more",""
"3892","of that accursed painting.",""
"3895","I ",""
"3897","didn't...",""
"3902","I...",""
"3907","*mumble*",""
"3909"," *mumble*",""
"3919","Mr. Grossberg...?",""
"3923","...",""
"3925","Ah,",""
"3927"," ",""
"3929","my apologies.",""
"3931"," I need to",""
"3933","think about things.",""
"3935"," Alone.",""
"3941","(He barely even glanced in",""
"3943","my direction...)",""
"3958","Excuse me,",""
"3960"," I was wondering",""
"3962","about this photograph...",""
"3970","...!",""
"3975","Where did you get that!?",""
"3981","I borrowed it.",""
"3985","Well,",""
"3990"," give it back at once!",""
"3994","Mr. Grossberg.",""
"3997","Tell me about the man",""
"3999","in this photo.",""
"4001","He may have been in that hotel",""
"4003","room with April May on the",""
"4005","night of the murder.",""
"4007","Do you know something",""
"4009","about him...",""
"4011"," anything?",""
"4017","...",""
"4019","!",""
"4023","Hmm.",""
"4025"," ",""
"4027","Ahem!",""
"4029","Very well.",""
"4032","I'll tell you what I know.",""
"4034","However...",""
"4036","You didn't hear it",""
"4038","from me,",""
"4040"," if you follow.",""
"4045","I follow.",""
"4049","That man is Mr. Redd White.",""
"4051","He's the President of Bluecorp.",""
"4057","(Redd White...",""
"4059"," Hmm.)",""
"4063","Bluecorp...",""
"4065"," they're something",""
"4067","like a detective agency,",""
"4069"," right?",""
"4073","They're information pros.",""
"4076","They sell information,",""
"4078"," you see.",""
"4081","Sensitive information.",""
"4083","Despite his name,",""
"4085"," Mr. White",""
"4087","has the blackest reputation",""
"4089","of any man in this country.",""
"4091","Should you run across him,",""
"4094","watch what you say.",""
"4096","You wouldn't want him digging",""
"4098","up any dirt on you.",""
"4105","(Hmm...",""
"4107"," selling information.",""
"4110","Sounds like blackmail.)",""
"4115","Can you tell me where",""
"4117","Bluecorp is located?",""
"4122","H",""
"4124","mm...",""
"4128","I suppose.",""
"4144","(Mr. Redd White,",""
"4146"," at last!)",""
"4149","(Finally,",""
"4151"," a lead on this guy!)",""
"4154","(Even if April May couldn't",""
"4156","have done it,",""
"4158"," he could have!)",""
"4160","(Time to take action!)",""
"4176","Photograph returned to",""
"4178","Mr. Grossberg.",""
"4184","Now,",""
"4186"," I must ask you to leave.",""
"4189","I need to think about",""
"4191","things.",""
"4193"," Alone.",""
"4210","Excuse me,",""
"4212"," I was wondering",""
"4214","about this photograph...",""
"4222","Where did you get that!?",""
"4228","Give it back at once!",""
"4233","I'm sorry to have taken",""
"4235","it without your knowledge.",""
"4237","But...",""
"4239"," I have to know.",""
"4242","Who is this man?",""
"4244","He was most likely in",""
"4246","April May's room the",""
"4248","night of the murder.",""
"4255","!",""
"4263","What's that you say!?",""
"4266","A-",""
"4268","are you QUITE sure?",""
"4272","My boy?",""
"4277","(What has him so flustered",""
"4279","I wonder...?)",""
"4284","I...",""
"4286"," I beg your pardon,",""
"4288"," but",""
"4293","I must ask you to leave.",""
"4295","I need to be alone.",""
"4302","(...!)",""
"4304","(He's fallen silent",""
"4306","as a stone.",""
"4308"," A rather",""
"4310","large stone.)",""
"4312","(I guess I should ",""
"4314","return that photo.)",""
"4329","Photograph returned to",""
"4331","Mr. Grossberg.",""
"4343","I beg your pardon,",""
"4345"," but",""
"4347","I am not at liberty to",""
"4349","speak on the matter.",""
"4364","...",""
"4366","...",""
"4368","...",""
"4373","(Huh?",""
"4375"," I don't think he's",""
"4377","noticed me standing here.)",""
"4379","(Maybe I should...",""
"4382","clear my throat?)",""
"4386","Aaa-HHHEM!",""
"4393","Jumping ",""
"4397","Jehosephats!",""
"4400","Oh!",""
"4402"," You!",""
"4406","What's wrong?",""
"4408"," You looked so",""
"4410","pensive...",""
"4412"," like an old man",""
"4414","at the end of his days.",""
"4419","Hmm?",""
"4421"," I'm not senile yet!",""
"4423","I was just thinking about",""
"4425","this whole mess...",""
"4430","(Something's really",""
"4432","bothering him,",""
"4434"," that",""
"4436","much is clear.)",""
"4446","Wasn't there a giant painting",""
"4448","hanging on that wall...?",""
"4450","Yeah...",""
"4452"," yeah,",""
"4454"," it was",""
"4456","a painting of...",""
"4466","Wasn't it?",""
"4469","It wasn't a very memorable",""
"4471","painting,",""
"4473"," anyhow.",""
"4481","A solid mahogany desk.",""
"4483","The wood's been polished",""
"4485","to a deep luster.",""
"4493","A table for clients.",""
"4495","Hmm...",""
"4497"," an elegant ebony case,",""
"4500","and if I'm not mistaken,",""
"4502"," that",""
"4504","lighter's made of solid gold.",""
"4506","Even I can tell someone",""
"4508","here's got money to burn.",""
"4516","An expensive potted plant.",""
"4518","No idea what kind of plant it",""
"4520","is,",""
"4522"," but it's probably the",""
"4524","most expensive one available.",""
"4532","Expensive-looking mahogany",""
"4534","bookshelves,",""
"4536"," filled with",""
"4538","expensive-looking books.",""
"4540","Hmm...",""
"4542"," Funny...",""
"4544"," They don't",""
"4546","look like they've ever been",""
"4548","read.",""
"4557","No clues here.",""
"4566","So you came to",""
"4568","see the trial?",""
"4574","Yes,",""
"4576"," yes I did.",""
"4578","Something was bothering",""
"4580","me all last night,",""
"4582"," you see,",""
"4585","couldn't get a wink of sleep.",""
"4591","Really?",""
"4593"," What was that?",""
"4597","Well,",""
"4599"," you see,",""
"4601"," it's just...",""
"4604","Mia's sister,",""
"4606"," that poor girl.",""
"4609","My boy,",""
"4611"," I owe you",""
"4613","my thanks,",""
"4615"," truly.",""
"4617","I don't know what I would",""
"4619","have done if things had",""
"4621","gone poorly for the girl.",""
"4630","I asked before,",""
"4632"," but,",""
"4634"," why",""
"4636","did you refuse her request",""
"4638","for defense?",""
"4640","I think I have",""
"4642","a right to know.",""
"4645","A right,",""
"4647"," Mr. Wright?",""
"4650","No,",""
"4652"," no,",""
"4654"," I'm sorry.",""
"4656"," It's just,",""
"4660","I need more time to think",""
"4662","about it,",""
"4664"," my boy.",""
"4669","...",""
"4673","(He does seem troubled",""
"4675","about something...)",""
"4677","(I'm starting to have a",""
"4679","feeling I know what it is.)",""
"4689","So,",""
"4691"," I paid Bluecorp a visit.",""
"4697","Oh?",""
"4699"," Oh,",""
"4701"," I see.",""
"4705","Mr. Grossberg...",""
"4707","I have to admit,",""
"4709"," something",""
"4711","has been bothering me.",""
"4715","Oh?",""
"4717"," What is it?",""
"4720","Well,",""
"4722"," out with it,",""
"4724"," my boy!",""
"4728","You see,",""
"4730"," it's just...",""
"4741","That photo of Mr. White...",""
"4743","Why would you have his",""
"4745","photo,",""
"4747"," Mr. Grossberg?",""
"4751","Umm...",""
"4753"," ",""
"4755","yes,",""
"4757"," well.",""
"4759"," It's been",""
"4761","a long time since then...",""
"4765","A long time ago?",""
"4767","I'm sorry...",""
"4769"," but",""
"4771","I think not.",""
"4773","I think you still have",""
"4775","ties to Mr. White even today.",""
"4779","R-",""
"4784","really!",""
"4786"," Whatever gave",""
"4788","you that idea!",""
"4790","W-",""
"4795","what connection could I",""
"4797","possibly have to an individual",""
"4799","such as he?",""
"4803","It's pretty straightforward,",""
"4806","actually...",""
"4820","You go ",""
"4822","drinking ",""
"4824","together!",""
"4826","You're friends,",""
"4828"," aren't you?",""
"4833","...",""
"4838","Now you're being",""
"4840","foolish,",""
"4842"," my boy.",""
"4844","Why in the world would",""
"4846","I ever drink with the",""
"4848","likes of him!?",""
"4853","(Huh?",""
"4855"," Whoops...",""
"4857"," maybe",""
"4859","that wasn't it.)",""
"4869","Mr. White has something on",""
"4871","you doesn't he?",""
"4874","Blackmail?",""
"4881","...!",""
"4884","I don't...",""
"4890","I don't know what",""
"4892","you're talking about!",""
"4896","Mr. Grossberg,",""
"4898"," sir...",""
"4900","There was a giant painting",""
"4902","hanging right there the",""
"4904","other day,",""
"4906"," was there not?",""
"4908","The one you said you had ""no",""
"4910","intention of parting with""?",""
"4912","Well,",""
"4914"," I saw it.",""
"4916"," Today.",""
"4920","It was in the CEO's office",""
"4922","at Bluecorp.",""
"4924"," Redd White's",""
"4926","office.",""
"4932","...",""
"4935","So...",""
"4937"," you noticed.",""
"4939","I suppose I should have",""
"4941","guessed you would.",""
"4943"," It is",""
"4945","a large painting...",""
"4950","Mr. Grossberg...",""
"4953","tell me what happened.",""
"4963","Redd White is ",""
"4965","supplying",""
"4967","you with information,",""
"4971","obviously!",""
"4977","What's that now?",""
"4981","You've been protecting",""
"4983","him all along.",""
"4985","You protect him because you",""
"4987","need his services!",""
"4990","...",""
"4995","Now you're being",""
"4997","foolish,",""
"4999"," my boy.",""
"5001","What possible use could I have",""
"5003","for the services of the likes",""
"5005","of him!?",""
"5010","(Huh?",""
"5012"," Whoops...",""
"5014"," maybe",""
"5016","that wasn't it.)",""
"5026","I thought it was strange.",""
"5028","Here was Maya,",""
"5030"," your own",""
"5032","apprentice's little sister,",""
"5035","in desperate need...",""
"5037","Accused of killing her",""
"5039","own sister no less,",""
"5041"," and",""
"5043","you wouldn't take the case!",""
"5045","I finally realized why.",""
"5047","You and Redd White are",""
"5049","connected.",""
"5051"," He's...",""
"5062","I'll bet you and White",""
"5064","go way back!",""
"5066"," He's your boss",""
"5068","now,",""
"5070"," and was before,",""
"5072"," I bet!",""
"5076","My what?",""
"5078"," Boss?",""
"5083","Are you serious?",""
"5087","Yeah!",""
"5089"," You both have that",""
"5091","sort of ""we're in the same",""
"5093","club together"" feel to you.",""
"5099","Please,",""
"5101"," stop.",""
"5104","You have a very peculiar",""
"5106","sense of humor,",""
"5108"," Mr. Wright.",""
"5110","Very well,",""
"5112"," I'll talk.",""
"5118","(What does he mean...",""
"5120"," ""sense",""
"5122","of humor""?",""
"5124"," I was serious!)",""
"5132","It's not something I can",""
"5134","claim to understand...",""
"5137","But you and Mr. White",""
"5141","are lovers,",""
"5143"," aren't you!",""
"5150","W-",""
"5152","w-",""
"5154","what!",""
"5159"," My boy!",""
"5163","Mr. Grossberg.",""
"5165","The other day,",""
"5167"," there was a",""
"5169","giant painting hanging on",""
"5171","that wall.",""
"5173","I saw that painting",""
"5175","again,",""
"5177"," today.",""
"5179","It was in the CEO's",""
"5181","office of Bluecorp.",""
"5183","It was a present,",""
"5185"," wasn't it?",""
"5189","Well,",""
"5191"," my boy,",""
"5196"," you have a",""
"5198","splendid imagination!",""
"5202","I...",""
"5204"," I don't understand",""
"5206","how you could...",""
"5213","That's because I'm not,",""
"5216","we're not...",""
"5220","Don't be ridiculous!",""
"5225","(Hmm...",""
"5227"," I guess I was wrong.",""
"5230","But it just seemed so right!)",""
"5241","Mr. Grossberg,",""
"5243"," sir...",""
"5245","There was a giant painting",""
"5247","hanging right there the",""
"5249","other day,",""
"5251"," was there not?",""
"5253","The one you said you had ""no",""
"5255","intention of parting with""?",""
"5257","Well,",""
"5259"," I saw it.",""
"5261"," Today.",""
"5263","It was in the CEO's office",""
"5265","at Bluecorp.",""
"5267"," ",""
"5270","Redd White's",""
"5272","office.",""
"5275","...",""
"5278","So...",""
"5280"," you noticed.",""
"5282","I suppose I should have",""
"5284","guessed you would.",""
"5286"," It is",""
"5288","a large painting...",""
"5293","Mr. Grossberg,",""
"5295"," I know",""
"5297","you and Mr. White are",""
"5299","connected somehow!",""
"5303","C-",""
"5307","connected,",""
"5309"," you say?",""
"5313","Yes!",""
"5315"," And I know what",""
"5317","it is...",""
"5331","You're his ",""
"5333","client,",""
"5335"," aren't you?",""
"5338","He's ",""
"5340","giving you information!",""
"5346","What's that now?",""
"5350","You've been protecting",""
"5352","him all along.",""
"5354","You protect him because you",""
"5356","need his services!",""
"5359","...",""
"5363","You gave him that painting",""
"5365","in exchange for some valuable",""
"5367","information,",""
"5369"," didn't you?",""
"5375","Utterly ridiculous.",""
"5377","Me,",""
"5379"," his client?",""
"5381"," I would never",""
"5383","willingly deal with that man.",""
"5388","Never!",""
"5393","(Huh?",""
"5395"," Did I get it wrong?)",""
"5405","Mr. White has something on",""
"5407","you doesn't he?",""
"5410","Blackmail?",""
"5417","...!",""
"5421","I think that painting",""
"5423","is fairly gaudy proof.",""
"5426","...",""
"5430","Very well.",""
"5432"," This may be the",""
"5434","chance I've been waiting for.",""
"5436","Maybe it's time to get this",""
"5438","off my chest,",""
"5440"," so I can finally",""
"5442","rest easy again.",""
"5444","After all,",""
"5446"," you were Mia's",""
"5448","understudy.",""
"5450"," Perhaps it",""
"5452","was fate?",""
"5457","(What's he talking about...?)",""
"5466","It's not something I can",""
"5468","claim to understand...",""
"5471","But you and Mr. White",""
"5475","are lovers,",""
"5477"," aren't you!",""
"5484","W-",""
"5486","w-",""
"5488","what!",""
"5490"," ",""
"5494","My boy!",""
"5498","You sent that painting to him!",""
"5500","As a sign!",""
"5503","A sign of undying love!",""
"5510","M-",""
"5512","m-",""
"5517","my boy,",""
"5519"," please!",""
"5521"," ",""
"5523","You're letting your fancies",""
"5525","run away with you!",""
"5530","Where do you get these",""
"5532","bizarre ideas?",""
"5536","I...",""
"5538"," I don't understand",""
"5540","how you could...",""
"5547","That's because I'm not,",""
"5550","we're not...",""
"5554","Don't be ridiculous!",""
"5557","...",""
"5562","Enough.",""
"5564","I'll swallow my pride and",""
"5566","tell you all.",""
"5571","(I knew it!",""
"5573"," They are",""
"5575","lovers!)",""
"5582","N-",""
"5584","no!",""
"5586"," We are NOT lovers!",""
"5601","Redd White is a man who",""
"5603","makes his living through",""
"5605","intimidation.",""
"5607","Bluecorp is a company that",""
"5609","excels in finding people's",""
"5611","weaknesses,",""
"5613"," I'm afraid.",""
"5615","I've been paying them",""
"5617","for 15 years now...",""
"5624","(15 years...!)",""
"5631","All because of the",""
"5633","""DL-6 Incident,"" as you",""
"5635","may have guessed.",""
"5640","(The name on the back of",""
"5642","those photographs!)",""
"5647","As you suspected,",""
"5649"," I could",""
"5651","not stand in defense of ",""
"5653","Maya because of this.",""
"5655","White would have destroyed",""
"5657","me if I did.",""
"5664","(So that's the connection!)",""
"5669","It is hard for me to tell",""
"5671","you this,",""
"5673"," my boy.",""
"5676","But arresting Redd White",""
"5678","will be nigh on impossible.",""
"5685","Impossible?",""
"5687"," Why!?",""
"5691","He has information on",""
"5693","everyone.",""
"5695"," It gives him",""
"5697","an iron grip!",""
"5699","He owns judges,",""
"5701"," attorneys,",""
"5704","prosecutors,",""
"5706"," police...",""
"5708"," and",""
"5710","politicians.",""
"5717","What!?",""
"5721","They are bound,",""
"5723"," unable",""
"5725","to do harm to themselves,",""
"5728","and therefore,",""
"5730"," to him.",""
"5732","Don't look at me like that.",""
"5735","What you see is nothing more",""
"5737","than the weight of many years.",""
"5749","What is the ""DL-6 Incident""?",""
"5753","""DL-6"" is nothing more than",""
"5755","the sorting code the police",""
"5757","gave the case.",""
"5759","It was 15 years ago now...",""
"5761","I received a request from",""
"5763","a medium.",""
"5765"," A spirit medium.",""
"5773","(A medium...?)",""
"5779","Her name was ",""
"5781","Misty Fey",""
"5783",".",""
"5788","(Fey!)",""
"5793","Indeed.",""
"5797","She was Mia's mother.",""
"5799","She had been investigating",""
"5801","a murder at the bequest of",""
"5803","the police.",""
"5805","And...",""
"5807"," she failed.",""
"5809","As a result,",""
"5811"," the police",""
"5813","called her a fraud.",""
"5818","(This is what Maya was",""
"5820","talking about the other day!)",""
"5825","I did all I could for her,",""
"5828","and in the end,",""
"5830"," cleared her",""
"5832","of wrongdoing.",""
"5834","That murder case,",""
"5836"," however",""
"5838","remains unsolved to this day.",""
"5840","That case,",""
"5842"," is the",""
"5844","DL-6 Incident.",""
"5854","But why were you blackmailed",""
"5856","over this,",""
"5858"," Mr. Grossberg?",""
"5862","The DL-6 Incident was top-",""
"5864","secret at the time.",""
"5866","It made sense.",""
"5868"," The police",""
"5870","didn't want people to know",""
"5872","they were using a medium!",""
"5874","They couldn't let",""
"5877","people know.",""
"5879","But one person found out.",""
"5883","I...",""
"5885"," ",""
"5888","I told him.",""
"5892","You told ",""
"5894","White",""
"5896","?",""
"5901","He offered me riches...",""
"5904","It is an embarrassment",""
"5906","to me now.",""
"5908","Because I talked,",""
"5910"," the police",""
"5912","were mocked far and wide.",""
"5914","In secret,",""
"5916"," they began looking",""
"5918","for the one who sold them out.",""
"5920","Of course White heard about",""
"5922","it,",""
"5924"," and he came to me.",""
"5926","Only this time,",""
"5928"," the offer",""
"5930","was blackmail.",""
"5935","...",""
"5937","I see.",""
"5941","...",""
"5945","White controls the law of",""
"5947","this country as he sees fit.",""
"5949","Yet if you would still",""
"5951","challenge him...",""
"5955","Have a close look at",""
"5957","Mia's office.",""
"5962","Mia's office...?",""
"5966","She followed his every",""
"5968","move for years.",""
"5970","She may have recorded",""
"5972","something of what she found.",""
"5982","Sorry,",""
"5984"," sir.",""
"5987","I borrowed this.",""
"5991","Ah,",""
"5993"," so it was you,",""
"5995"," my boy.",""
"5999","Who is this man?",""
"6003","Umm...",""
"6005"," it's a long story.",""
"6008","I'll be needing that",""
"6010","back now.",""
"6015","(He doesn't want to talk",""
"6017","about it for some reason...)",""
"6019","(I'd better give him back",""
"6021","this photograph.)",""
"6036","Photograph returned to",""
"6038","Mr. Grossberg.",""
"6050","I found this in",""
"6052","Mia's files...",""
"6056","So she was investigating",""
"6059","Redd White,",""
"6061"," as I expected.",""
"6063","Well,",""
"6065"," if you wanted to",""
"6067","challenge him,",""
"6069"," you could",""
"6071","present this in court.",""
"6077","(Not a bad idea...)",""
"6087","Sorry,",""
"6089"," my boy.",""
"6091"," I don't think",""
"6093","I can help you with that.",""
"6109","September 7",""
"6111","Gatewater Hotel",""
"6113","Room 303",""
"6128","Ah,",""
"6130"," welcome,",""
"6132"," sir!",""
"6134","Quite the performance today,",""
"6137","if I dare say so myself.",""
"6143","Oh,",""
"6145"," um,",""
"6147"," thanks.",""
"6149","Sorry for putting you",""
"6151","on the spot like that.",""
"6158","No,",""
"6160"," no,",""
"6162"," not at all,",""
"6164"," sir!",""
"6166","Your efforts today can only",""
"6168","help the Gatewater's ""rep,""",""
"6170","as they say.",""
"6176","Huh?",""
"6178"," ""Rep""?",""
"6182","Yes!",""
"6184"," Our reputation will",""
"6186","swell as the hotel where the",""
"6188","murderer used a wiretap!",""
"6190","We can charge a premium for",""
"6192","the room,",""
"6194"," of course.",""
"6196"," It will",""
"6198","be great for business,",""
"6200"," sir!",""
"6204","Whoa,",""
"6206"," ",""
"6208","whoa!",""
"6210"," Miss May hasn't",""
"6212","been charged with murder.",""
"6218","I,",""
"6220"," too,",""
"6222"," will become famous!",""
"6225","""The Bellboy who brought the",""
"6227","murderer ice coffee""...!",""
"6234","(Why do I feel like we're",""
"6236","both stuck in the same",""
"6238","bad dream...)",""
"6245","So!",""
"6247"," You are our honored guest.",""
"6250","Please let me know if there",""
"6252","is anything I can bring you!",""
"6262","A vase,",""
"6264"," as expected.",""
"6266","I'm not good with flower",""
"6268","names,",""
"6270"," except maybe tulips",""
"6272","and sunflowers.",""
"6280","A bottle and two glasses",""
"6282","rest on the table.",""
"6284","Why hasn't he cleaned",""
"6286","these up by now?",""
"6297","Ah,",""
"6299"," I beg your pardon,",""
"6301"," sir,",""
"6304","but if you could please",""
"6306","refrain from touching those...",""
"6308","It's part of the decor.",""
"6311","I call it:",""
"6313"," ",""
"6315","""The last drink...",""
"6318","before murder!""",""
"6321","We'll be famous!",""
"6323"," The talk",""
"6325","of the hotel industry!",""
"6337","Nice weather again today.",""
"6339","I can see the Fey ＆ Co.",""
"6341","Law Offices,",""
"6343"," of course.",""
"6354","Ah,",""
"6356"," yes.",""
"6358"," We plan to install",""
"6360","a telescope in that window,",""
"6363","of course.",""
"6367","Just $5.00 will earn you",""
"6369","three minutes of a ""view to",""
"6371","a kill""!",""
"6375","...",""
"6381","J-",""
"6383","just kidding,",""
"6385"," sir.",""
"6388","Oh ",""
"6390","hoh ",""
"6392","hoh ",""
"6394","hoh!",""
"6400","(By that look in his eyes",""
"6402","I'd say he was more than",""
"6404","serious...)",""
"6417","A simple bed.",""
"6419","It's been recently made.",""
"6422","Nothing eye-catching here.",""
"6430","Ah.",""
"6432"," A still-scene painting.",""
"6435","Wait,",""
"6437"," should that be",""
"6439","""still life""?",""
"6441","Whatever.",""
"6443"," One of those",""
"6445","is hanging on the wall.",""
"6453","Huh?",""
"6455"," There's still a",""
"6457","screwdriver stuck in",""
"6459","that drawer!",""
"6470","Ah,",""
"6472"," please leave that",""
"6474","as it is,",""
"6476"," sir.",""
"6478","That's the ""Drawer of Terror,",""
"6481","Hiding Place of the",""
"6483","Murderer's Wiretap.""",""
"6485","It's set to become one",""
"6487","of the most popular",""
"6489","attractions here.",""
"6495","(This guy's serious!",""
"6498","I don't believe it...)",""
"6512","No clues here.",""
"6521","About Miss May...",""
"6525","Oh,",""
"6527"," her?",""
"6529"," Sir,",""
"6531"," not to boast",""
"6533","but I knew the moment I saw",""
"6535","her...",""
"6540","""She'd do it!""",""
"6543"," I said!",""
"6550","(Do WHAT!?",""
"6552"," I'm starting to",""
"6554","think the most suspicious",""
"6556","person here is this guy!)",""
"6567","I wanted to ask you about",""
"6569","the man who was with",""
"6571","Miss May...?",""
"6575","Ah,",""
"6577"," yes...",""
"6579","He struck me as a real",""
"6582","""Lady Killer,""",""
"6584"," if you'll",""
"6586","pardon the expression.",""
"6588","I knew it from the moment",""
"6590","I saw him,",""
"6592"," sir.",""
"6594","He and I are of the same ilk.",""
"6597","We both carry the scent",""
"6599","of...",""
"6601"," danger.",""
"6607","(There we are in total",""
"6609","agreement,",""
"6611"," Mr. Psycho",""
"6613","Bellboy.)",""
"6619","If you had a photo of",""
"6621","that man,",""
"6623"," I'm quite sure",""
"6625","I could identify him.",""
"6630","(A photo.",""
"6632"," Hmm...)",""
"6643","Could you tell me",""
"6645","about this hotel?",""
"6653","Absolutely!",""
"6657","And on that subject,",""
"6659"," I have",""
"6661","an excellent idea,",""
"6663"," sir!",""
"6665","Currently,",""
"6667"," this hotel",""
"6669","is known as the ""Gatewater.""",""
"6671","I propose that we",""
"6673","add a subtitle!",""
"6677","A subtitle!?",""
"6684","The Gatewater Hotel",""
"6691","-- Murder Manor --",""
"6697","Well?",""
"6702","What do you think?",""
"6706","Um...",""
"6708"," sounds great!",""
"6712","(Whatever floats",""
"6714","your tea set...)",""
"6726","What about this photo?",""
"6730","Well,",""
"6732"," it's a fine photo,",""
"6734"," sir.",""
"6736","However,",""
"6738"," the person",""
"6740","Miss May was accompanied",""
"6742","by was,",""
"6744"," well,",""
"6746"," a man.",""
"6752","(Oh...",""
"6754"," yeah.",""
"6756"," Right.)",""
"6768","Take a look at this photo.",""
"6772","...",""
"6777","That's him,",""
"6779"," Detective.",""
"6785","Um...",""
"6787"," I'm the lawyer.",""
"6792","Oh,",""
"6794"," I know that!",""
"6796","I just wanted to say ",""
"6798","""Detective"" once.",""
"6800"," ",""
"6802","You know how it is.",""
"6807","(No.",""
"6809"," No I don't.)",""
"6816","Without a doubt,",""
"6818"," that is the",""
"6820","man who checked in with",""
"6822","Miss April May.",""
"6824","How about I write an affidavit",""
"6826","swearing that that's him!",""
"6830","An affidavit?",""
"6835","(This guy is way too",""
"6837","excited about this...)",""
"6848","Well,",""
"6850"," sure.",""
"6852"," Why not?",""
"6859","Yes!",""
"6861","I've always wanted to",""
"6863","write an affidavit,",""
"6865"," sir.",""
"6867","From hence forth I will ",""
"6869","be known as ""The Bellboy",""
"6871","who swore the affidavit""!",""
"6878","Just hurry up and write it.",""
"6884","Bellboy's Affidavit added",""
"6886","to the Court Record.",""
"6894","(Not even Miss May",""
"6896","can play dumb to this!)",""
"6908","Well thanks",""
"6910",",",""
"6912"," but I don't",""
"6914","think that will be necessary.",""
"6918","Oh?",""
"6920"," Oh,",""
"6922"," I see.",""
"6924"," Well later",""
"6926","then,",""
"6928"," if you need it.",""
"6939","Sorry to press the",""
"6941","matter,",""
"6943"," but are you",""
"6945","sure this is him?",""
"6949","I,",""
"6951"," too,",""
"6953"," am sorry to press",""
"6955","the matter,",""
"6957"," but that is",""
"6959","him,",""
"6961"," Detective!",""
"6966","Umm...",""
"6968"," thanks.",""
"6978","Thanks for this.",""
"6982","No no no,",""
"6984"," not at all,",""
"6986"," sir!",""
"6990","I hope you'll use it",""
"6993","to take that Miss May",""
"6995","down hard,",""
"6997"," sir!",""
"6999"," Hard!",""
"7006","(Why do I sense an unhealthy",""
"7008","level of excitement behind",""
"7010","that unchanging smile?)",""
"7013","(His tea set is rattling!)",""
"7023","I'm sorry...",""
"7025","All I could think about during",""
"7027","the trial was the hotel...",""
"7029","I wasn't paying much attention",""
"7031","to the evidence.",""
"7041","Hmm.",""
"7043"," The bellboy ",""
"7045","seems to be out.",""
"7048","Huh?",""
"7050"," The sound of water",""
"7052","coming from the shower...",""
"7058","""La-dee-da!",""
"7060"," Money-Makin'...",""
"7063","Money-Makin'...",""
"7065"," I got the",""
"7067","Money-Makin'",""
"7069"," blu",""
"7071","uuues...""",""
"7075","Someone seems to enjoy",""
"7077","washing the showers.",""
"7085","A vase,",""
"7087"," as expected.",""
"7089","I'm not good with flower",""
"7091","names,",""
"7093"," except maybe tulips",""
"7095","and sunflowers.",""
"7103","A bottle and two glasses",""
"7105","rest on the table.",""
"7107","I'd better not touch them.",""
"7110","No telling what the bellboy",""
"7112","would do to me.",""
"7120","Nice weather again today.",""
"7122","I can see the Fey ＆ Co.",""
"7124","Law Offices,",""
"7126"," of course.",""
"7134","A simple bed.",""
"7136","It's been recently made.",""
"7139","Nothing eye-catching here.",""
"7147","Ah.",""
"7149"," A still-scene painting.",""
"7152","Wait,",""
"7154"," should that be",""
"7156","""still life""?",""
"7158","Whatever.",""
"7160"," One of those",""
"7162","is hanging on the wall.",""
"7170","The screwdriver is still",""
"7172","stuck in the drawer.",""
"7174","I'd better not touch it.",""
"7177","No telling what the bellboy",""
"7179","would do to me.",""
"7188","No clues here.",""
"7204","September 7",""
"7206","Bluecorp Inc.",""
"7208","CEO's Office",""
"7218","...",""
"7222","(What's with the surreal",""
"7224","décor...?)",""
"7231","Welcome!",""
"7233"," Please furnish ",""
"7235","me with the title of your",""
"7237","personage!",""
"7241","(",""
"7245","What the...?)",""
"7255","Your name!",""
"7258","What's your name?",""
"7260","I was just inquirably asking",""
"7262","the title that you go by.",""
"7266","Uh...",""
"7268"," ",""
"7270","Wright.",""
"7272"," Phoenix Wright.",""
"7277","(""Inquirably""...?)",""
"7283","Mr. Wright,",""
"7285"," is it?",""
"7289","Right,",""
"7291"," I see...",""
"7294","Splendiferous.",""
"7296","Perhaps I have intimidated",""
"7298","you with my giantesque",""
"7300","vocabulary...?",""
"7305","(What is this guy's problem!)",""
"7310","I'm Redd White,",""
"7312"," CEO of",""
"7314","Bluecorp.",""
"7316"," You know,",""
"7319","Corporate Expansion Official?",""
"7322","My business dealings",""
"7324","bring me into contact with",""
"7326","the elite of the elite.",""
"7329","So I'm afraid I am not",""
"7331","used to conversing with the",""
"7333","wordily-challenged.",""
"7341","(What a fruitcake!)",""
"7347","Hmmm,",""
"7349"," let me guess...",""
"7352","You are an attorney fresh out",""
"7354","of law school,",""
"7356"," are you not?",""
"7359","That's the only explanation",""
"7361","for why you would come to",""
"7363","meet me like this!",""
"7370","(What does he mean by that?)",""
"7375","No matter.",""
"7377","So,",""
"7379"," what business does a",""
"7381","""mighty"" lawyer have with",""
"7383","a man such as myself?",""
"7389","(Yipes!",""
"7391"," This guy's arrogance",""
"7393","meter is off the scale!)",""
"7407","...",""
"7412","Mr. Wrong,",""
"7414"," was it?",""
"7419","Wright.",""
"7423","It appears you do not fully",""
"7425","grasp your position here.",""
"7428","I ask again.",""
"7431"," Who are you?",""
"7438","Umm...",""
"7440"," huh?",""
"7442"," A lawyer?",""
"7446","No,",""
"7448"," my feeble friend.",""
"7452","A ""mere"" lawyer.",""
"7458","Worth nothing.",""
"7460"," ",""
"7462","Zilch.",""
"7464"," Zippo.",""
"7466"," Nada!",""
"7469","Just like that sorry excuse",""
"7471","for an attorney,",""
"7473"," Grodyburger!",""
"7482","(Wh-",""
"7484","what!?)",""
"7495","Ungh!",""
"7497"," ",""
"7505","Oof...!",""
"7518","Unh...",""
"7520"," ",""
"7522","uhhh...",""
"7524"," ",""
"7529","(He...",""
"7531"," he ",""
"7533","punched me!)",""
"7540","Well,",""
"7542"," Mr. Lawyer.",""
"7544"," ",""
"7546","What will you do,",""
"7548"," eh?",""
"7551","Charge me with assault?",""
"7554","Charge away,",""
"7556"," I welcome it!",""
"7559","For it is YOU who will ",""
"7561","be found guilty!",""
"7568","What...?",""
"7574","Heed my exposition!",""
"7578","The police,",""
"7580"," the courts,",""
"7583","they all do my bidding.",""
"7588","(So you say...)",""
"7590","(But I wonder...",""
"7592"," Is that kind",""
"7594","of control really possible?)",""
"7599","I don't expect you to",""
"7601","understand.",""
"7603"," It is a world",""
"7605","beyond your compensation.",""
"7608","...",""
"7612","You came here from ",""
"7614","Grodyburger's,",""
"7616"," I presume?",""
"7620","Mr. Grossberg's...",""
"7622"," ",""
"7624","yes.",""
"7628","Then you must ask him:",""
"7631","Why is it that this painting",""
"7633","of his hangs here?",""
"7635","Perhaps then he will",""
"7637","tell you?",""
"7641","Perhaps he will explain",""
"7643","how a man can live life",""
"7645","purely for personal profit!",""
"7648","...",""
"7653","Go now!",""
"7655"," Skedaddle!",""
"7659","There is nothing more",""
"7661","to discuss!",""
"7676","A statue of a man holding",""
"7678","up the world.",""
"7680","The ""Bluecorp"" sign certainly",""
"7682","stands out enough...",""
"7684","The model for the man is,",""
"7687","of course,",""
"7689"," Mr. White.",""
"7700","Truly a work of art!",""
"7702"," But,",""
"7705","probably too beautacious for",""
"7707","you to appreciate,",""
"7709"," correct?",""
"7716","(I think it's a little too",""
"7718","""beautacious"" for just about",""
"7720","anyone to appreciate.)",""
"7732","I'm guessing this is",""
"7734","supposed to be a desk?",""
"7736","My my...",""
"7739","This is quite the...",""
"7741"," thing.",""
"7750","It is modeled on my body,",""
"7752"," see?",""
"7754","Well?",""
"7756"," Does its sleek",""
"7758","roundature not...",""
"7760"," inspire you?",""
"7774","...?",""
"7776","Haven't I seen this",""
"7779","somewhere...?",""
"7781"," ",""
"7783","Is this a replica?",""
"7792","Ridiculosity!",""
"7794"," I have no",""
"7796","interest in anything but",""
"7798","originals.",""
"7800","That right there is a bona",""
"7802","fide original!",""
"7804"," Worth five",""
"7806","million,",""
"7808"," for sure.",""
"7812","Hmmm...",""
"7825","An impressive line-up",""
"7827","of trophies.",""
"7829","""Judges Special Runner-up""",""
"7832","""Best Participation""",""
"7834","""Judges Cooperation Award""",""
"7837","""Special Good Try Prize""",""
"7839","Hmm.",""
"7841"," The words ""Judges"" and",""
"7843","""Special"" kind of stand out.",""
"7851","This is the top floor",""
"7853","of a 20-story building.",""
"7855","The view is quite...",""
"7858","presidential.",""
"7871","Miss May is an employee of",""
"7873","Bluecorp,",""
"7875"," is she not?",""
"7879","Correct.",""
"7883","She was my secretariat.",""
"7886","What a shock it was to",""
"7888","hear what she has done!",""
"7892","""What she has done""...",""
"7895","You mean the wiretap?",""
"7902","Inde",""
"7904","ed!",""
"7906"," She is paid to",""
"7908","answer phones.",""
"7910"," Tapping them",""
"7912","is NOT in her job description.",""
"7914","She does gather information",""
"7916","for us as part of her duties.",""
"7919","But,",""
"7921"," I assure you,",""
"7923"," we do",""
"7925","not condone illegal methods!",""
"7930","It is ineffable that",""
"7932","she would do this.",""
"7937","(It sounds like he's",""
"7939","trying to turn Miss May",""
"7941","into a scapegoat...)",""
"7955","On the night of the murder",""
"7957","were you in April May's",""
"7959","hotel room?",""
"7963","Who can say?",""
"7965"," I seldom pay",""
"7967","attention to mundane details",""
"7969","such as time and place.",""
"7972","My motto is:",""
"7978","""Don't worry,",""
"7980"," be happy!""",""
"7985","Still,",""
"7987"," Mr. White...",""
"7989","The hotel bellboy has stated",""
"7991","on the record that he does",""
"7993","remember you very clearly.",""
"7996","...",""
"8002","No matter!",""
"8004"," The bellboy",""
"8006","can say what he pleases.",""
"8009","I still won't talk to you.",""
"8011","If you want me to speak,",""
"8014","put me on the witness stand!",""
"8017","Although I doubt you'd be",""
"8019","capable of doing that.",""
"8024","(Hmm.",""
"8026"," He raises a good",""
"8028","question,",""
"8030"," actually...)",""
"8037","(Why didn't the prosecution",""
"8039","call him as a witness?)",""
"8043","(He should have ""seen"" the",""
"8045","same thing as April May!)",""
"8051","Oh ",""
"8054","hoh ",""
"8057","hoh.",""
"8060","The police...",""
"8062"," The courts...",""
"8064"," ",""
"8069","To me they are mere toys.",""
"8073","Playthings for my amusement!",""
"8083","What kind of company",""
"8085","is Bluecorp,",""
"8087"," anyway?",""
"8094","Ah,",""
"8096"," excellent question!",""
"8098","We buy and sell various",""
"8100","kinds of information.",""
"8102","We are a company of the",""
"8104","future!",""
"8106"," You might say,",""
"8109","we ARE the future!",""
"8114","(Sell...",""
"8116"," information?)",""
"8122","In just 10 years,",""
"8124"," I've built",""
"8126","this business up into the",""
"8128","grand office you see now.",""
"8130","Ah,",""
"8132"," in case you were",""
"8134","wondering,",""
"8136"," Bluecorp was",""
"8138","named after the color ""blue""!",""
"8143","I,",""
"8145"," Redd White of Bluecorp,",""
"8148","as founder and CEO,",""
"8150"," named",""
"8152","it so!",""
"8154","And why,",""
"8156"," you ask?",""
"8158"," Because I",""
"8160","like the color blue of course!",""
"8165","Fantabulistic,",""
"8167"," is it not?",""
"8176","Uh...",""
"8178"," there's something",""
"8180","that's been bothering me.",""
"8185","Yes?",""
"8187"," What might that be?",""
"8191","That big painting on",""
"8193","the wall over there...",""
"8204","It's a very striking",""
"8206","piece of art.",""
"8210","Magnificentatious,",""
"8212"," isn't it!",""
"8216","Yeah.",""
"8219","...",""
"8224","(Why am I making",""
"8226","small talk...?)",""
"8237","You know,",""
"8239"," I've actually",""
"8241","seen that painting before.",""
"8246","Oh?",""
"8250","Just yesterday,",""
"8252"," actually.",""
"8257","Your point being...?",""
"8262","My point is simple.",""
"8265","Er,",""
"8267"," rather,",""
"8269"," my question",""
"8271","is simple:",""
"8275","Why is that painting",""
"8277","hanging on your wall?",""
"8284","Say,",""
"8286"," when did you",""
"8288","get that painting?",""
"8293","...",""
"8297","Hmm...",""
"8299"," no idea!",""
"8302","I forgot!",""
"8306","I've seen that painting",""
"8308","before.",""
"8310"," Yesterday,",""
"8312"," in fact.",""
"8317","Why do I find that",""
"8319","painting here today?",""
"8329","Would you be kind enough to",""
"8331","cease your inane chattering",""
"8333","and vacate the premises?",""
"8336","Let me put it in language",""
"8338","you are sure to understand:",""
"8342","Shut up and get out!",""
"8346","I have nothing",""
"8348","more to say.",""
"8360","About this wiretap...",""
"8364","Ah,",""
"8366"," the one that Miss May",""
"8368","used,",""
"8370"," right?",""
"8375","Bad girl.",""
"8377"," Bad,",""
"8379"," bad girl.",""
"8383","She testified that she placed",""
"8385","the wiretap at your request.",""
"8389","How pathetic.",""
"8391"," I guess she's",""
"8393","trying to pass the buck.",""
"8397","Bad,",""
"8399"," bad girl.",""
"8401","Sorry I can't help you.",""
"8404","I know nothing.",""
"8410","(I'm going to need hard",""
"8412","evidence to get anything",""
"8414","out of this guy...)",""
"8427","About this picture...",""
"8434","Gorgeous!",""
"8437","That's a picture of me!",""
"8439","Ah,",""
"8441"," I see it was taken in",""
"8443","the prime of my youth.",""
"8445"," About",""
"8447","10 years ago,",""
"8449"," at a guess.",""
"8453","The hotel bellboy says he",""
"8455","saw this man on the night",""
"8457","of the murder.",""
"8461","...",""
"8468","On closer inspection,",""
"8470"," he does",""
"8472","look a lot like me,",""
"8474"," but I'm",""
"8476","afraid this is someone else.",""
"8479","Nope.",""
"8481"," That's definitely not",""
"8483","me.",""
"8485"," He's far too young.",""
"8496","I am terribly sorry.",""
"8498","But that really doesn't seem",""
"8500","to concern me at all.",""
"8516","Well,",""
"8518"," aren't you persistent.",""
"8522","Sorry,",""
"8524"," but there's something",""
"8526","I have to ask you.",""
"8530","Mr. Lawyer,",""
"8532","I really hate having to",""
"8534","repeat myself...",""
"8540","But it seems the message has",""
"8542","not yet penetrated your thick",""
"8544","skull...",""
"8547"," Stop bothering me!",""
"8553","If you try my patience",""
"8555","further,",""
"8557"," I fear a nasty",""
"8559","accident may occur.",""
"8561","Do I make myself clear?",""
"8570","(Transparent...)",""
"8583","What a bizarre accusation.",""
"8585","Mr. Wrong...",""
"8589","What is it that you should be",""
"8591","doing now?",""
"8593"," Investigating me?",""
"8596","No ",""
"8598","no ",""
"8600","no.",""
"8602"," I think not!",""
"8605","You should be searching for",""
"8607","the one who killed Miss Mia!",""
"8618","*beep*",""
"8626","[Secretary's Office,",""
"8628"," hello?]",""
"8633","Mr. Wrong will",""
"8635","be leaving now.",""
"8640","[Yes,",""
"8642"," sir.",""
"8644"," I'll send",""
"8647","someone right away.]",""
"8654","Wait a second,",""
"8656"," Mr. White...",""
"8669","You are absolutely right.",""
"8671","I should be looking",""
"8673","for the killer now.",""
"8676","And actually,",""
"8678"," I've done",""
"8680","better.",""
"8682"," I've found him.",""
"8686","He's sitting right",""
"8688","in front of me.",""
"8698","You're wrong,",""
"8700"," Mr. White.",""
"8704","Excuse me?",""
"8708","What I should be doing",""
"8712","now is going after you!",""
"8720","Just what are you insinuating?",""
"8725","Mia was on to you.",""
"8728","She was keeping tabs.",""
"8730","For this reason you had April",""
"8732","May tapping her phone.",""
"8734","Then,",""
"8736"," Mia was murdered,",""
"8739","and all the documents about",""
"8741","you mysteriously disappeared.",""
"8746","So,",""
"8748"," the culprit would be...?",""
"8753","...",""
"8760","Even a child could work",""
"8762","it out,",""
"8764"," Mr. White.",""
"8769","You did it!",""
"8775","...",""
"8788","*beep*",""
"8796","[Secretary's office.]",""
"8801","We won't be needing an escort",""
"8803","for Mr. Wrong.",""
"8805","Instead,",""
"8807"," please connect",""
"8809","me to the public",""
"8811","prosecutor's office.",""
"8817","[Of course,",""
"8819"," sir.",""
"8822","One moment please...]",""
"8824","...",""
"8831","[White?",""
"8833"," That you?",""
"8835"," What are",""
"8837","you doing calling me at",""
"8839","a time like this!?]",""
"8844","Hello.",""
"8846"," Chief Prosecutor?",""
"8848","I've changed my mind.",""
"8851","I want to testify tomorrow.",""
"8856","[What's this about?]",""
"8861","The Mia Fey case.",""
"8866","I witnessed the murder,",""
"8869","you see.",""
"8873","And,",""
"8875"," thus,",""
"8877"," as a very",""
"8879","important witness,",""
"8881"," I would",""
"8883","like to testify.",""
"8888","[What?",""
"8890"," Why now?",""
"8893","I thought you said you",""
"8895","didn't want to go to court?]",""
"8903","Quietude...!",""
"8906","I told you I changed my",""
"8908","mind,",""
"8910"," didn't I?",""
"8913","Oh,",""
"8915"," and one other thing.",""
"8917","Send the police over",""
"8919","here right away.",""
"8922","The man is standing right",""
"8924","in front of me.",""
"8926"," He looks dazed",""
"8928","but could be violent!",""
"8934","[What?",""
"8936"," What man?]",""
"8941","Are you even listening?",""
"8947","The ",""
"8949","executioner!",""
"8951"," The ",""
"8953","hatchet-",""
"8955","man!",""
"8957"," The ",""
"8959","liquidator...",""
"8961"," ",""
"8963","The killer,",""
"8965"," man!",""
"8973","Wh",""
"8975","at!",""
"8977","?",""
"8981","[Mr. ",""
"8983","White...",""
"8985"," ",""
"8987","this isn't",""
"8989","another one of those...]",""
"8995","Chief Prosecutor.",""
"8999","I do not believe you are in",""
"9001","a position to freely offer",""
"9003","your opinions to me,",""
"9005"," correct?",""
"9009","I'm telling you to send",""
"9011","the police,",""
"9013"," now!",""
"9024","*beep*",""
"9033","...",""
"9037","Did I not tell you,",""
"9040","Mr. Wrong?",""
"9042","You are a mere lawyer!",""
"9045","As was Miss Mia.",""
"9053","How dare you!",""
"9057","I'll point the finger at you,",""
"9060","and you will be tried as",""
"9062","Miss Mia's killer!",""
"9067","The case is as good as",""
"9069","settled.",""
"9071"," No lawyer of any",""
"9073","worth will defend you.",""
"9075","I have friends in the local",""
"9077","lawyer's association,",""
"9079"," you see.",""
"9082","You'll be given a lawyer so",""
"9084","stupendously inept that they",""
"9086","make even you look competent.",""
"9094","(I...",""
"9096"," I feel ",""
"9098","faint.)",""
"9111","Detective Gumshoe,",""
"9114","reporting,",""
"9116"," sir!",""
"9121","Aaa!",""
"9123"," Butz!",""
"9125"," Hairy Butz!",""
"9128","Wright,",""
"9130"," actually.",""
"9132"," Phoenix",""
"9134","Wright.",""
"9136"," And my friend's",""
"9138","name is ""Larry""...",""
"9143","Oh,",""
"9145"," right!",""
"9147"," Sorry,",""
"9149"," pal.",""
"9152","Butz was that murderer,",""
"9154"," right?",""
"9165","Detective Gumshoe.",""
"9170","I present to you,",""
"9172"," the man",""
"9174","who killed Miss Mia Fey!",""
"9188","W-",""
"9191","what!",""
"9193","?",""
"9204","Take this despicable human",""
"9206","being into custody.",""
"9211","...",""
"9216","Farewell,",""
"9218"," Mr. Wrong!",""
"9231","A statue of a man holding",""
"9233","up the world.",""
"9235","The ""Bluecorp"" sign certainly",""
"9237","stands out enough...",""
"9239","The model for the man is,",""
"9242","of course,",""
"9244"," Mr. White.",""
"9252","I'm guessing this is",""
"9254","supposed to be a desk?",""
"9256","My my...",""
"9259","This is quite the...",""
"9261"," thing.",""
"9269","This painting was,",""
"9271"," until",""
"9273","yesterday,",""
"9275"," hanging in ",""
"9277","Mr. Grossberg's office.",""
"9279","Why does White have it now?",""
"9281","It's not hard to imagine",""
"9283","a few possibilities.",""
"9291","An impressive line-up",""
"9293","of trophies.",""
"9295","""Judges Special Runner-up""",""
"9298","""Best Participation""",""
"9300","""Judges Cooperation Award""",""
"9303","""Special Good Try Prize""",""
"9305","Hmm.",""
"9307"," The words ""Judges"" and",""
"9309","""Special"" kind of stand out.",""
"9311","He probably strong-armed",""
"9313","them into giving him",""
"9315","something.",""
"9323","This is the top floor",""
"9325","of a 20-story building.",""
"9327","The view is quite...",""
"9330","presidential.",""
"9340","(I think we're past needing",""
"9342","to talk about April May.)",""
"9344","(I've got to put this guy",""
"9346","on the spot,",""
"9348"," and quick!)",""
"9353","Hmm?",""
"9355"," What's the matter?",""
"9358","You seem...",""
"9360"," distressed!",""
"9370","(This guy is a pro at pulling",""
"9372","the wool over people's eyes.)",""
"9374","(I've got to put him on the",""
"9376","spot,",""
"9378"," and quick!)",""
"9383","Stop that!",""
"9385"," Your hot ",""
"9387","gaze is",""
"9389","giving me goose bumps!",""
"9400","(There's no point asking",""
"9402","someone this crooked a",""
"9404","straight question!)",""
"9406","(I need some evidence I can",""
"9408","use as ammo...)",""
"9413","What's wrong?",""
"9415"," Is something",""
"9417","stuck to my face?",""
"9419","Why yes!",""
"9421"," There's my eyes,",""
"9424","and my nose,",""
"9426"," and my mouth...",""
"9429","But of course I jest.",""
"9432","You need not restrain",""
"9434","your mirth,",""
"9436"," my friend!",""
"9438","It is okay to indulge in my",""
"9440","cosmopolitan sense of humor.",""
"9443","I will not think less of you.",""
"9454","(This is the only clue",""
"9456","that Mia left me...)",""
"9458","(I'd better make this",""
"9460","one count!)",""
"9464","Mr. White...",""
"9466"," see this?",""
"9469","It's an article describing",""
"9471","the suicide of a politician.",""
"9474","...",""
"9477","He was embezzling secret",""
"9479","government funds.",""
"9481","Then,",""
"9483"," one day,",""
"9485"," word got",""
"9487","leaked to the press.",""
"9489","The very next day he took",""
"9491","his own life.",""
"9495","And this concerns me how...?",""
"9500","I found this article",""
"9502","in Mia's office.",""
"9508","Miss Mia...?",""
"9512","She had a file filled with",""
"9514","articles like this.",""
"9516","Every one of them was labeled",""
"9518","with a single word...",""
"9523","""White.""",""
"9527","...!",""
"9530","Mr. White,",""
"9532"," I know what",""
"9535","you did to this politician.",""
"9546","You were spying on him,",""
"9549","weren't you?",""
"9555","""Spying""...?",""
"9559","You snooped on him,",""
"9561"," and found",""
"9563","out about the embezzlement.",""
"9565","Then,",""
"9567"," when you revealed",""
"9569","it,",""
"9571"," ",""
"9575","he was driven to suicide!",""
"9579","Mr. Lawyer.",""
"9581","I know nothing of this.",""
"9583","And,",""
"9585"," even in the highly",""
"9587","unlikely event that I did",""
"9589","do such a thing...",""
"9592","All I would have done is",""
"9594","provide ""information."" That is",""
"9596","not a crime in this country.",""
"9603","(Gah!",""
"9605"," This guy's as cool",""
"9607","as a cucumber...!)",""
"9617","You bribed him!",""
"9624","B-",""
"9626","bribed!?",""
"9629","...",""
"9632","What exactly has led",""
"9634","you to say this?",""
"9639","(Um...",""
"9641"," ",""
"9643","gee,",""
"9645"," that's a good",""
"9647","question.",""
"9649"," I guess I got",""
"9651","ahead of myself there...)",""
"9658","Hmph.",""
"9660"," You certainly have an",""
"9662","active imagination.",""
"9669","(Dammit!)",""
"9679","You were blackmailing him!",""
"9685","Blackmail?",""
"9689","Not just him,",""
"9691"," either.",""
"9693"," You were",""
"9695","threatening and coercing",""
"9697","hundreds of others!",""
"9699","You were involved in all of",""
"9701","the suicide cases that Mia",""
"9703","investigated!",""
"9705","This company is built",""
"9707","on blackmail!",""
"9710","I'm right,",""
"9712"," aren't I?",""
"9719","I have no intention of",""
"9721","parleying with you about",""
"9723","this matter.",""
