"index","original_content","translated_content"
"21","September 9, 9:52 AM","9 вересня, 9:52"
"23","District Court","Окружний суд"
"25","Defendant Lobby No. 1","Вестибюль обвинувачених №1"
"45","Well...","Ну..."
"48"," I guess"," Я гадаю"
"50","this is it!","це воно!"
"55","Yeah.","Та."
"57","One way or another,","Так чи інакше,"
"59"," this"," ця"
"61","case gets decided today.","справа буде вирішена сьогодні."
"68","Aaa!","Ааа!"
"70"," "," "
"72","Ph-","Ф-"
"74","Phoenix!","Феніксе!"
"76"," Look!"," Дивись!"
"92","(...!)","(...!)"
"94","(Prosecutor...","(Прокурор..."
"96"," Edgeworth.)"," Еджворт.)"
"102","I received a call from the","Мені вчора подзвонили з"
"104","Chief Prosecutor's office","Офісу"
"106","yesterday.","генпрокурора."
"109","?","?"
"113","I was told that whatever","Мені сказали, "
"115","Mr. White says today,","що будь-які слова пана"
"117"," it will"," Червуда, будуть"
"119","be the ""absolute truth.""","«абсолютною істиною»."
"122","No matter how you try to","Неважливо як ви будете"
"124","attack his testimony...","заперечувати його показання..."
"126","If I raise an objection,","Якщо я запротестую,"
"129","I have it on good faith that","впевнений, суддя"
"131","the judge will listen to me.","повірить саме мені."
"136","(What,","(Що,"
"138"," does White have the"," невже Червуд навіть"
"140","judge in his pocket,","суддю тримає на шнурку"
"142"," too!?)","!?)"
"145","So...","Тож..."
"147"," you're saying I'm going"," значить мене все одно"
"149","to be guilty.","визнають винним."
"151"," End of story?"," І на цьому кінець?"
"156","...","..."
"160","I will do anything to get my","Я зроблю що завгодно заради"
"162","verdict,","вердикту,"
"164"," Mr. Wright."," Пане Райт."
"166"," Anything."," Що завгодно."
"174","Why...","Чому..."
"177","Why!?","Чому!?"
"179","How can you torment an ","Як ви можете знущатися над"
"181","innocent person like this!?","невинною людину!?"
"193","""Innocent""...?","«Невинною»?.."
"197","How can we know that?","Звідки нам знати?"
"199","The guilty will always lie,","Винний завжди брехатиме,"
"202","to avoid being found out.","щоб уникнути викриття."
"205","There's no way to tell","Ми не можемо точно сказати,"
"207","who is guilty and who"," хто винний, а хто"
"209","is innocent!"," ні!"
"211","All that I can hope to do","Все, до чого я можу йти,"
"213","is get every defendant"," це щоб кожен обвинувачений"
"215","declared ""guilty""!","був визнаний «винним»!"
"218","So I make that my policy.","Тож я зробив це своїм принципом."
"222","Edgeworth...","Еджворте..."
"227","You've changed.","Ти змінився."
"236","Hmm?","Гмм?"
"240","Phoenix!","Феніксе!"
"244","You know him!?","Ти його знаєш!?"
"255","Don't expect any special","Не очікуй якогось особливого"
"257","treatment,","ставлення,"
"259"," Phoenix Wright."," Фенікс Райт."
"275","Ph-","Ф-"
"277","Phoenix...?","Феніксе...?"
"282","Well...","Ну що ж..."
"284"," court will be"," суд скоро"
"286","starting soon.","починатиметься."
"292","What?","Що?"
"294"," But wait!"," Але стривай!"
"297","Your defense attorney isn't","Твій адвокат ще"
"299","even here yet!","навіть не прибув!"
"301"," They're not..."," Його нема..."
"305","I'll be defending myself.","Я захищатиму себе сам."
"313","Whaa","Шоо"
"315","aat!?","ооо!?"
"320","Okay,","Що ж,"
"322"," let's do this."," зробімо це."
"342","September 9, 10:00 AM","9 вересня, 10:00"
"344","District Court","Окружний суд"
"346","Courtroom No. 1","Судова зала №1"
"375","Court is now in session","Судове засідання оголошується відкритим"
"377","for the trial of Mr. Phoenix","у справі проти пана Фенікса"
"379","Wright.","Райта."
"385","The prosecution is ready,","Сторона обвинувачення готова,"
"388","Your Honor.","Ваша честь."
"397","The defense is ready,","Сторона захисту готова,"
"400","Your Honor.","Ваша честь."
"405","Mr. Wright...","Пане Райт..."
"408","Are you sure you're","Ви певні, що вам"
"410","up to doing this?","це вдасться?"
"415","Yes,","Так,"
"417"," Your Honor."," Ваша честь."
"420","I will be ","Я буду "
"422","defending myself.","захищати себе."
"428","Understood.","Зрозуміло."
"431","Very well.","Ну що ж."
"433"," Mr. Edgeworth,"," Пане Еджворт,"
"435"," your"," ваша"
"437","opening statement,","вступна промову,"
"439"," please."," будь ласка."
"444","As the details of the event","Тож, деталі заходу"
"446","are already quite clear to","вже відомі"
"448","the court,","судові,"
"450","today we will hear the ","тому сьогодні ми почуємо "
"452","testimony of a witness","показання очевидця"
"454","to the defendant's crime.","щодо злочину підсудного."
"462","I see.","Зрозуміло."
"465","The prosecution may call","Сторона обвинувачення може"
"467","its witness.","викликати очевидця."
"473","(That went far too smoothly!)","(Щось дуже вже гладко все відбувається!)"
"476","(Why didn't the judge ask","(Суддя навіть не запитав"
"478","Edgeworth why his witness","Еджворта про те, чому його"
"480","didn't testify before!?)","очевидець не давав показання раніше!?)"
"482","(It's like...","(Наче..."
"484"," it's like"," наче"
"486","he already knows why!)","він уже знає, чому!)"
"488","(Hmm.","(Гм-м."
"490"," If anyone's going to"," Якщо хтось і збирається"
"492","raise an objection about","висловити протест щодо"
"494","this,","цього,"
"496"," I suppose it's me...)","То я...)"
"515","Mr. Edgeworth,","Пане Еджворт,"
"517"," you owe an"," ви маєте"
"519","explanation to the court!","пояснити судові дещо!"
"521","Why didn't this witness","Чому ваш очевидець"
"523","testify in the trial against","не давав показання у справі проти"
"525","Ms. Maya Fey!?","пані Маї Фей!?"
"537","Hmph.","Гмф."
"540","I'm ever so sorry!","Мені так шкода!"
"542","Mr. White is a busy man,","Пан Червуд — зайнята людина,"
"545","and besides...","та й крім цього..."
"547","at the time,","на той час,"
"549"," I thought that"," я думав, що"
"551","Ms. May's opinion was all","все що нам буде потрібно,"
"553","that would be needed."," це думка пані Квітки."
"555","Again,","Знову ж таки,"
"557"," my sincerest"," прошу вибачення"
"559","apologies to the court.","перед судом."
"568","Excellent,","Прекрасно,"
"570"," Mr. Edgeworth."," Пане Еджворт."
"573","I appreciate your demeanor.","Ціную вашу доброзичливість."
"581","...","..."
"589","(Great.","(Чудово."
"591"," He gets to show","Він тут на коні,"
"593","off and I get nowhere.)","а я в цей час дістаю облизня.)"
"603","(Forget it.","(Неважливо."
"606","I smell a trap.)","Відчуваю щось недобре.)"
"615","I would like to call","Я б хотів викликати"
"617","Mr. Redd White to the stand!","пана червуда до трибуни!"
"638","Please state your full name.","Будь ласка, назвіть своє повне ім'я."
"650","You wish to know the","Ви бажаєте знати"
"652","title of my personage?","найменування моєї особи?"
"661","Er...","Е-е..."
"663"," your name?"," ваше ім'я?"
"674","Yes!","Так!"
"676"," That is what I said!"," Я так і сказав!"
"678","Oh dear,","О Боже,"
"680"," do my "," невже мої "
"683","locutions confuse?","словесні звороти збивають з пантелику?"
"695","Name!","Ім'я!"
"701","(These two are great","(Ці двоє дуже добре ладнають"
"703","together...)","між собою...)"
"709","My name is Redd White.","Мене звати Білл Червуд."
"712","But my friends call me","Але мої друзі звуть мене"
"714","Blanco Nino.","Бланко Ніно."
"716","I am the CEO,","Я очільник,"
"718"," or to use a more"," або, якщо використовувати більше"
"720","common term,","звичний термін,"
"722"," the President,"," Президент"
"725","of Bluecorp.","Синнікорпу."
"734","Did you know the victim,","Чи знали ви жертву,"
"737","Ms. Mia Fey?","пані Мію Фей?"
"749","That would be a ","Моя відповідь "
"751","negatory!","негативна!"
"754","No,","Ні,"
"756"," I did not."," не знав."
"765","...","..."
"768","You were at the Gatewater","Чи були ви в готелі Ґейтвотер"
"770","Hotel the night of the","в ніч"
"772","murder?","убивства?"
"781","Correct.","Авжеж."
"786","And you witnessed the","І ви стали очевидцем"
"788","murder from there?","убивства звідти?"
"797","Ahem.","Гм."
"799"," Why tell you what"," Навіщо мені розповідати про те, що"
"801","you already know?","ви вже знаєте?"
"806","Very well,","Гаразд,"
"808"," Mr. White."," пане Червуд."
"810"," You"," ви"
"812","may begin your testimony.","можете дати показання."
"818","(If I can't rip this guy's","(Якзо не зможу вивести його на"
"820","testimony apart,","на чисту воду,"
"822"," I'm"," мені"
"824","done for.)","гаплик.)"
"827","(Why do I always feel like","(Чому я завжди відчуваю, що"
"829","it's the end of the world and","це кінець світу та"
"831","I'm the last man standing?)","я остання людина в ньому?)"
"839","Ho ","Хо-"
"841","hoh ","хо-"
"843","hoh.","хо."
"851","I hope you have made your","Сподіваюся ви примирилися"
"853","peace with God,","з богом,"
"855"," Mr. Lawyer!"," пане адвокате!"
"867","...!","...!"
"873","Let him have it,","Витри йому носа,"
"875"," Phoenix!"," Феніксе!"
"895","-- Witness's Account --","-- Розповідь очевидця --"
"908","Let's see,","Що ж,"
"910"," it was about"," це було близько"
"912","9:00,","9:00,"
"914"," I believe."," як пам'ятаю."
"916","I was quietly perusifying...","Я тихенько штудійовував..."
"919","er,","ой,"
"921"," that's ""reading"" to you,"," точніше «читав», якщо по-вашому,"
"924","some papers by the window.","якусь газету біля вікна."
"927","Then I heard a ","Аж раптом почув "
"929","bedlam","шум,"
"931","coming from outside!","що відбувався ззовні!"
"934","Surprised,","Здивувавшись,"
"936"," I turned to"," я повернувся й"
"938","look at the building","поглянув на будівлю"
"940","across the way.","навпроти."
"944","It was ","Саме тоді "
"947","then I saw him:","я побачив його:"
"950","a spiky-haired man attacking","їжакоголового чоловіка, що атакував"
"952","a woman with long hair!","довговолосу жінку!"
"954","Needless to say that man was","Думаю не слід казати, що цим чоловіком"
"956","none other than you,","могла бути лиш одна людина, і це ви,"
"960","Mr. Lawyer!","пане адвокат!"
"963","I called Miss May over","Саме тоді я покликав пані Квітку"
"966","at once.","до себе."
"968"," She,"," Вона,"
"970"," too,"," звісно,"
"972"," was","також"
"974","flabbergasted of course.","була налякана."
"979","The victim,","Жертва,"
"981"," she..."," вона..."
"983"," she ran"," вона намагалася"
"985","away,","втекти,"
"987"," but you gave chase!"," але ви погналися за нею!"
"1006","Finally there was a","Врешті-решт, сталося"
"1008","terrible impaction!","жахливе зіткнення!"
"1011","Then it was all over...","І все скінчилося..."
"1025","Hmm...","Гм-м..."
"1029","If things occurred as you","Якщо все було справді"
"1031","testify,","як ви кажете,"
"1033"," then I'm afraid the"," тоді нажаль"
"1035","defendant is guilty.","обвинувачений винен."
"1038","Very well,","Щож,"
"1040"," defendant..."," обвинувачений..."
"1044"," er,"," е-е,"
"1047","I mean,","тобто"
"1050"," Mr. Wright."," пане Райт."
"1053","Your cross-examination...","Розпочинайте перехресний допит..."
"1058","Yes,","Так,"
"1060"," Your Honor."," Ваша честь."
"1083","-- Witness's Account --","-- Розповідь очевидця --"
"1103","Let's see, it was about","Що ж, це було близько"
"1105","9:00, I believe.","9:00, як я пам'ятаю."
"1118","I was quietly perusifying...","Я тихенько штудійовував..."
"1120","er, that's ""reading"" to you,"," точніше «читав», якщо по-вашому,"
"1122","some papers by the window.","якусь газету біля вікна."
"1135","Then I heard a bedlam","Аж раптом я почув шум,"
"1137","coming from outside!","що відбувався ззовні!"
"1150","Surprised, I turned to","Здивувавшись, я повернувся й"
"1152","look at the building","поглянув на будівлю"
"1154","across the way.","навпроти."
"1167","It was then I saw him:","Саме тоді я побачив його:"
"1169","a spiky-haired man attacking","їжакоголового чоловіка, що атакував"
"1171","a woman with long hair!","довговолосу жінку!"
"1184","Needless to say that man was","Думаю не слід казати, що цим чоловіком"
"1186","none other than you,","могла бути лиш одна людина, і це ви,"
"1188","Mr. Lawyer!","пане адвокат!"
"1200","I called Miss May over","Саме тоді я покликав пані Квітку"
"1202","at once. She, too, was","до себе. Вона, звісно, також"
"1204","surprised of course.","була налякана."
"1218","The victim, she... she ran","Жертва, вона... вона намагалася втекти,"
"1220","away, but you gave chase!"," але ви погналися за нею!"
"1231","The victim ran to the left,","Жертва побігла ліворуч,"
"1233","and you gave chase!","але ви погналися за нею!"
"1246","Finally there was a","Врешті-решт, сталося"
"1248","terrible impaction!","жахливе зіткнення!"
"1250","Then it was all over...","І все скінчилося..."
"1261","(Did Edgeworth ""prep"" this guy,","(Невже Еджворт також «підготвував»"
"1264","too,","і цього леґеня,"
"1266"," I wonder?)","гммм?"
"1268","(Anyway,","(В будь-якому разі,"
"1270"," I'd better find","
 мені слід знайти"
"1272","a weakness in there...)","ахіллесову п'яту в його показаннях)"
"1291","How do you know what time","Звідки ви знаєте котра"
"1293","it was?","була година?"
"1302","Because I am always","Та, бо я зажди"
"1304","abso-posi-lutely perfect,","ці-лко-ви-то ідеальний,"
"1307","you know?","розумієш?"
"1319","No no no,","Ні-ні-ні,"
"1321"," you're not getting"," вам це не"
"1324","away with that!","зійде з рук!"
"1333","You are so mistrusting,","пане Адвокате,"
"1336","Mr. Lawyer!","ви такий недовірливий!"
"1339","So...","Тож..."
"1341"," what was the proper"," яка там інша назва для"
"1343","term for ""secretary"" again...?","терміну «секретарка»?.."
"1347","Anyway,","У будь-якому разі,"
"1349"," Miss May ordered"," пані Квітка замовила"
"1351","room service for 9:00.","каву в кімнату, на 9:00"
"1353","It happened soon after the","Це сталося незабаром після"
"1355","room service arrived.","того як їй принесли цю каву."
"1361","(Hmm.","(Гм-м"
"1363"," That's what Miss May"," Його слова збігаються"
"1365","said,","зі словами пані"
"1367"," too.)"," Квітки.)"
"1380","True,","Це правда,"
"1382"," the bellboy who brought"," посильний, що приніс"
"1384","the coffee saw Miss May.","каву бачив пані Квітку."
"1394","But he testified that he","Але в його показаннях він зазначив,"
"1396","did not see you at the time!","що не бачив вас у той момент!"
"1405","Ahem.","Гм."
"1407"," This is your concern?"," Серйозно?"
"1411","Silly Lawyer!","Дурненький адвокат!"
"1413"," Miss May "," пані Квітка "
"1415","received the coffee outside","Отримала каву поза"
"1417","the room!","кімнатою!"
"1422","Of course he could not see me.","Звісно, що він не міг мене бачити."
"1425","He would need X-ray vision to","Він має крізь стіни бачити,"
"1427","pull off something like that!","щоб це провернути!"
"1434","(Hmm...)","(Гм-м...)"
"1440","Tell us,","Скажіть нам,"
"1442"," what were you"," що ви робили"
"1444","doing at that time?","в той момент?"
"1463","(I don't see anything to gain","(Нема сенсу допитувати"
"1465","by attacking him on this","його про"
"1467","point any further.)","це.)"
"1471","Okay,","Добре,"
"1473"," what were you"," що ви робили"
"1475","doing at the time?","в той момент?"
"1493","By window,","За вікном,"
"1495"," you mean the one"," ви маєте на увазі"
"1497","directly across from Fey ＆ Co."," Прямо навпроти Юридичної фірми"
"1499","Law Offices?","«Фей та партнери»?"
"1511","Correct!","Авжеж!"
"1513"," That is the only"," Це єдине"
"1515","window,","вікно,"
"1517"," you see."," розумієте."
"1522","And there you were","І тоді ви"
"1524","reading...","читали..."
"1526"," papers?"," газету?"
"1538","Correct!","Авжеж!"
"1543","The Gatewater is a business-","Ґейтвотер — це готель для"
"1545","man's hotel,","бізнесменів,"
"1547"," and I am a busy"," а я зайнята людина,"
"1549","man who had business to do!","у якої є справи!"
"1568","A ""bedlam""?","Ви сказали «шум»?"
"1577","It must have been when","Це напевно"
"1579","you attacked,","сталося, коли ви напали"
"1581"," I assume."," на неї."
"1586","We see."," Зрозуміло."
"1588"," Continue."," Продовжуйте."
"1606","So you were reading your","То ви читали свою"
"1608","papers until you heard","газету допоки не почули"
"1610","that sound?","шум?"
"1619","But of course.","Ну звісно."
"1621"," I am"," Я"
"1623","no snoop,","не пхаю носа не в свої справи,"
"1625"," peeping out of"," який сенс підглядати"
"1627","windows at night."," в чужі вікна в ночі?"
"1633","(No snoop?","(Не пхаєте носа?"
"1635"," Yeah,"," Ага,"
"1637"," right!"," звісно!"
"1640","You've made a career ","Ви тільки завдяки йому"
"1642","out of snooping!)","й побудували кар'єру!)"
"1664","S-","Ї-"
"1666","spiky-","їжако"
"1668","haired!?","головий!?"
"1690","What you ","Те, що ви "
"1693","just said directly","щойно сказали прямо"
"1695","conflicts with Miss May's","суперечить показанням"
"1697","testimony!","Пані Квітки!"
"1699","Miss May clearly stated that","Вона чітко зазначила, що"
"1701","the assailant looked like","нападник"
"1703","a ""girl""!","був «дівчинкою»!"
"1708","I've always been proud","Я завжди пишався"
"1710","of my eyesight,","своїм зором,"
"1712"," Mr. Lawyer."," пане адвокате."
"1718","Just what is your eyesight?","Який у вас зір?"
"1730","Counting both eyes...","В обох очах..."
"1732"," 40!"," 2!"
"1744","40!?","2!?"
"1746"," Don't add them together!"," Вони не додаються!"
"1756","I think the witness is trying","Я думаю очевидець хоче"
"1758","to say his eyesight is good.","сказати, що в нього чудовий зір."
"1764","(Hey,","(Агов,"
"1766"," whose side is the"," ви взагалі"
"1768","judge on,","чиєму боці"
"1770"," anyway?)"," пане суддя?)"
"1777","And what did you do then?","І що ви зробили після цього?"
"1795","What was Miss May doing","Що робила пані Квітка"
"1797","at that time?","в той час?"
"1806","She had just finished","Вона якраз доглядала"
"1808","watching a soap opera on the","мильну оперу по"
"1810","TV,","телевізору,"
"1812"," and was weeping openly."," вона плакала, наче дитя"
"1817","Did you know she had been","Чи ви знали, що вона"
"1819","tapping the Fey office phone?","прослуховувала телефон пані Фей?"
"1835","Irrelevant!","Неважливо!"
"1837"," That has nothing"," Це ніяк не стосується"
"1839","to do with the case at hand.","нинішньої ситуації."
"1848","I care not.","Мені байдуже."
"1850"," I will answer the"," Я відповім на"
"1852","lawyer's bold inquiry.","ваше провокативне питання."
"1856","Miss May was acting alone","Пані Квітка прослуховувала"
"1858","when she tapped the phone","телефон пані Фей, чи як її там,"
"1860","of this Fey woman.","зі своєї ініціативи."
"1866","You'd make a good politician,","З вас вийшов би гарний політик,"
"1869","Mr. White.","пане Червуд."
"1876","Ho ","Хо-"
"1878","hoh!","хо-хо!"
"1880"," I know!"," Знаю!"
"1882"," After all,"," Врешті-решт,"
"1885","I am ""El Presidente.""","я же «Кіраўнік»."
"1890","Please continue.","Будь ласка, продовжуйте."
"1909","Can you be a little more","Можете розказати про це"
"1911","detailed about that?","детальніше?"
"1913","I think it's worth knowing","Вважаю, нам варто знати,"
"1915","exactly what happened.","що сталося."
"1924","Of course!","Ну, звісно!"
"1926"," Comprende!","Разумею!"
"1929","I understand!","Я розумію!"
"1933","The victim was attacked,","Ви атакували"
"1936","by you,","жертву,"
"1938"," and ran to the left."," і вона побігла ліворуч."
"1940","You gave chase,","Ви наздогнали,"
"1942"," and struck"," та вдарили"
"1944","her down!","її!"
"1949","Are you sure?","Ви впевнені?"
"1961","As you know,","Як ви знаєте,"
"1966"," I am always"," я завжди"
"1968","abso-posi-lutely perfect!","ці-лко-ви-тенько ідеальний!"
"1973","Perhaps you could change","Тоді, ви могли б змінити"
"1975","your testimony to reflect","ваші показання щодо"
"1977","this new detail.","цієї деталі."
"1995","Are you sure about that?","Ви впевнені в цьому?"
"2004","How many times must I say it?","Скільки разів я маю це казати?"
"2012","I am abso-posi-lutely perfect!","Я ці-лко-ви-тенько ідеальний!"
"2015","End of story!","Завіса!"
"2021","(How many times must","(Скільки ще разів"
"2023","I hear that?)","я маю це почути?)"
"2031","Psst!","Пс-с!"
"2033"," Phoenix!"," Феніксе!"
"2035","Doesn't something about","Чи не здається тобі,"
"2037","that strike you as a","що він сказав,"
"2039","little odd?","щось підозріле?"
"2057","Um...","Ем-м..."
"2059"," ""impaction""?","«зіткнення»?"
"2062","Don't you mean just ""impact""?","Ви маєте на увазі «удар»?"
"2074","Ridiculosity!","Сміховитсько!"
"2076"," I think you need"," Вам треба підтягнути"
"2078","to brush up on your language","знання"
"2080","skills!","мови!"
"2086","(On second thought,","(Хоча, якщо подумати,"
"2088"," perhaps"," краще взагалі"
"2090","I'd better leave the whole","не лізти в усю"
"2092","language thing alone...)","цю мовну тему...)"
"2102","Wait right there!","Стривайте-но!"
"2105","Mr. White,","пане Червуд,"
"2107"," you've"," ви"
"2111","dug your own grave!","щойно сплели собі петлю!"
"2120","What is this!?","Що це означає!?"
"2125","You said the victim ran","Ви сказали, що жертва побігла"
"2127","to the ""left.""","ліворуч."
"2129","But that directly contradicts","Але це прямо суперечить"
"2131","Miss May's testimony!","показанням пані Квітки!"
"2144","She clearly stated that the","Вона чітко заявила, що"
"2146","victim ran ","жертва побігла "
"2148","""right""!","праворуч!"
"2158","...","..."
"2160","!","!"
"2164","Oh ","О- "
"2166","hoh ","хо- "
"2168","hoh.","хох."
"2170"," It is simple."," Просте пояснення."
"2173","You have misheard her.","Ви просто неправильно її почули."
"2182","I think not.","Я так не думаю."
"2184","Look at the floor plans...","Погляньте на план поверху..."
"2197","The killer was here.","Убивця перебував тут."
"2202","And the victim,","А жертва,"
"2204"," here."," тут."
"2207","If the victim ran to the","Якби жертва побігла"
"2209","left,","ліворуч,"
"2211"," as you claim she did..."," як ви заявляєте..."
"2215","She would have been running","Вона б бігла у протилежному"
"2218","directly away from the door","напрямку від дверей"
"2220","!","!"
"2223","She would have been running","Вона б забігла"
"2225","into a ","прямо у "
"2227","dead end","глухий кут"
"2229","!","!"
"2232","Don't you find that odd?","Чи не здається це вам дивним?"
"2243","!","!"
"2248","Very strange...","Дуже дивно..."
"2250","I did see her run to the","Я справді бачив як вона бігла"
"2252","left...","ліворуч..."
"2254"," I did."," Справді бачив."
"2259","Phoenix...","Феніксе..."
"2261"," look at his face."," Глянь на його обличчя"
"2264","I don't think he's lying","Мені здається, що він"
"2266","about this one.","не бреше."
"2270","True.","Справді."
"2273","(Maybe he really did see","(Може він дійсно бачив як"
"2275","the victim run left...?)","жертва побігла ліворуч...?)"
"2277","(So he did witness the","(То, він став очевидцем"
"2279","killing...?)","убивства...?)"
"2283","(Wait a second!)","(Заждіть!)"
"2290","Mr. Wright?","Пане Райт?"
"2295","Yes,","Так,"
"2297"," Your Honor?"," Ваша честь?"
"2302","Miss May says ""right,"" and","Пані квітка каже «праворуч», а"
"2304","Mr. White says ""left.""","пан Червуд каже «ліворуч»."
"2306","Can you explain this","Ви можете пояснити"
"2308","contradiction to the court?","цю розбіжність судові?"
"2320","As Mr. White has testified,","Як засвідчив пан Червуд,"
"2323","Mia ran to the left.","Мія побігла ліворуч."
"2328","But...","Але..."
"2331","But if that's the case...","Якщо це було насправді..."
"2334","Why would she run in the","Навіщо їй бігти у протилежному"
"2336","opposite direction from","напрямку від"
"2338","the door?","дверей?"
"2343","She did not.","Вона цього не робила."
"2345"," She was running"," Вона бігла"
"2347","towards the door,","до дверей,"
"2349"," Your Honor."," Ваша честь."
"2362","Bwah!","Ха!"
"2365","Now you're the one making","Тепер саме ви суперечите"
"2367","a contradiction, Mr. Wright!","фактам, пане Райт!"
"2372","Not at all.","Аж ніяк."
"2380","As Miss May has stated,","Як зазначила пані Квітка,"
"2382"," Mia"," Мія"
"2384","ran to the right after she","побігла праворуч одразу після того"
"2386","was attacked.","як на неї напали."
"2397","What is this?","Що це таке?"
"2400","I am not fashioning","Я не вигадую ніяких"
"2402","fabrications,","деталей,"
"2404"," I assure you!"," я запевняю вас!"
"2406","That lady ran to the left!","Ця пані побігла ліворуч!"
"2409","I am sure of it!","Я певен у цьому!"
"2414","Then there can be","Тоді, тут може бути"
"2416","only one explanation.","лише одне пояснення."
"2425","Eh...?","Га...?"
"2427"," And that is?","І що ж це?"
"2438","Both witnesses are","Обидва очевидці"
"2440","telling the truth.","говорять правду."
"2444","(For once...)","(Вперше...)"
"2456","Hah!","Ага!"
"2458"," I doubt it!"," Сумніваюся в цьому!"
"2460","Er,","Е-е,"
"2462"," rather,"," в сенсі"
"2464"," that does not"," це не пояснює"
"2466","clear up the contradiction!","нашу розбіжність!"
"2471","There is one scenario that","Є один сценарій який"
"2473","would explain their","може пояснити розбіжність"
"2475","conflicting accounts.","між очевидцями."
"2484","What!?","Що!?"
"2501","Obviously,","Очевидно, що"
"2503"," the witness was ","очевидець"
"2505","not","не"
"2507","viewing the crime ","спостерігав за злочином"
"2509","from the","з"
"2511","hotel!","готелю!"
"2537","Mr. Wright!","Пане Райт!"
"2539"," What do you mean?"," Тобто?"
"2544","Yes,","Так,"
"2546"," what do you mean,"," тобто,"
"2549","he was not ""viewing the crime","він «не спостерігав за злочином"
"2551","from the hotel""!?","з готелю»!?"
"2561","If he was not in the hotel,","Якщо він не був у готелі,"
"2565","where could he have been!?","то де він міг бути?"
"2578","In the law offices of","В юридичні фірмі"
"2580","Fey ＆ Co., of course!","«Фей та партнери», звісно!"
"2603","More specifically,","Якщо конкретніше,"
"2605"," he "," він "
"2607","was standing here!","стояв там!"
"2626","(Time to show the court where","(Гаразд, час показати судові"
"2628","Mr. White was standing!)","де стояв пан Червуд!)"
"2649","That's where ","Ось "
"2651","he was!","тут!"
"2659","Hold it right there,","Зачекайте,"
"2662","Mr. Wright!","пане Райт"
"2671","If he was there during","Якщо він був тут протягом"
"2673","the very act of murder...","вбивства..."
"2677","That would make him","Тоді він став би"
"2679","an accomplice!","співучасником!"
"2699","Impossible!","Це неможливо!"
"2701","There was no one other than","У кімнаті не"
"2703","the criminal and victim in","було нікого окрім вбивці"
"2705","the room!","та жертви!"
"2708","There is no evidence,","Але й доказів"
"2710"," no"," протилежного"
"2712","proof to the contrary!","теж немає!"
"2716"," None!"," Жодного!"
"2728","S-","В-"
"2730","sorry!","вибачте!"
"2732"," Er...","Е-е..."
"2734"," let me"," Дозвольте мені"
"2736","try that again!","спробувати знову!"
"2755","That's where ","Ось "
"2757","he was!","тут!"
"2769","M-","П-"
"2774","Mr. Wright!","пане райт!"
"2777","We are not fools!","Ми не дурні!"
"2779","How could he have been","Як він міг стояти"
"2781","exactly where the victim","в тому ж місці"
"2783","was standing!?","те жертва!?"
"2796","(Oh...","А..."
"2798"," oh,"," бляха,"
"2800"," right!)"," точно!)"
"2809","Mr. Wright!","Пане Райт!"
"2812","What is the meaning of this!?","Що це означає?"
"2820","Sorry,","Вибачте,"
"2822"," Your Honor!"," Ваша честь"
"2824"," Sorry!"," Будь ласка!"
"2827","Let me try that again...","Дайте спробувати ще раз..."
"2845","This is where ","Ось "
"2847","he was!","тут!"
"2856","Look!","Дивіться!"
"2859","When the victim ran for","Коли жертва побігла"
"2861","the door...","до дверей..."
"2863","If he was watching from this","Якщо він спостерігав"
"2865","point,","за нею звідси,"
"2869"," to him it would appear","то йому здалося би,"
"2871","that she ran to the ""left.""","що вона побіжала «ліворуч»."
"2892","Please!","Прошу!"
"2894"," This is no time for","Зараз не час"
"2896","jokes in ill taste!","на дурнуваті жарти!"
"2907","That is ","Ось"
"2909","where the","тут"
"2912","killer was ","стояв"
"2914","standing!","убивця!"
"2941","Order!","Тиша!"
"2943"," "," "
"2947","I will have order!","Тиша в суді!"
"2949","Anyone disturbing the order","Кожен, хто порушить"
"2951","of this courtroom will be","тишу у судовій залі"
"2953","held in contempt!","буде звинувачений у неповазі до суду!"
"2960","Mr. Wright!","Пане Райт!"
"2964","What are you suggesting!?","Що ви маєте на увазі?"
"2971","R-","Н-"
"2975","r-","н-"
"2978","rapsc","нон"
"2980","allion!!!","сенс!!!"
"2997","The postulations of the","Твердження"
"2999","defense are ","сторони захисту "
"3002","a distortion","спотворюють"
"3004","of the truth,","правду,"
"3006"," Your Honor!"," Ваша честь!"
"3011","Indeed.","Дійсно."
"3014","They do seem a bit","Це все здається трохи"
"3016","far-fetched...","надуманим..."
"3022","...","..."
"3030","Ho ","Хо-"
"3032","hoh ","хо-"
"3034","hoh!","хо!"
"3039","You provide us with so","А ви справді"
"3042","much entertainment,","вмієте розсмішити"
"3045","Mr. Lawyer!","Пане адвокате!"
"3057","(What now!?","Що, чому!?"
"3060","He's...","Він..."
"3062"," laughing!?)"," сміється!?"
"3072","The hilarity of the moment","Цей неймовірний момент"
"3074","made me remember something...","змусив мене дещо пригадати..."
"3076","It appears I have been","Мабуть я висловився"
"3078","unclear,","нечітко,"
"3080"," and for this,","тому,"
"3083","I apologize.","Перепрошую,"
"3086","Mr. Your Honor...","Пане Ваша честь..."
"3088","Might I be allowed to","Можна я дам"
"3090","testify once more?","показання ще раз?"
"3100","Very well,","Гаразд,"
"3102"," let's hear"," вислухаємо"
"3104","your revised testimony.","ваші нові показання."
"3112","(Good luck.","Щасти."
"3114"," You can't fix"," Ти не зможеш виправити"
"3116","a broken testimony,","брехливі показання,"
"3118"," buddy!)"," чуваче!"
"3138","-- She Ran to the ""Left"" --","-- Вона побігла «ліворуч» --"
"3151","Miss May's testimony was","Показання пані Квітки"
"3153","correct...","правдиві..."
"3155"," as was mine!"," як і мої!"
"3159","When you assaulted the girl,","Коли ви напали на неї,"
"3162","she first ran to the left.","вона побігла ліворуч."
"3170","And then you ","І після, ви"
"3172","hit her,","зненацька"
"3175","savagely!","вдарили її!"
"3177"," That is what I saw.","Ось це я побачив."
"3186","Next,","Потім."
"3188"," with the last"," з останніх"
"3190","of her strength,","сил,"
"3192"," she"," вона"
"3194","ran to the right.","побігла праворуч"
"3196","You chased her,","Ви наздогнали її,"
"3198"," and delivered"," і добили її"
"3200","the final blow.","останнім ударом."
"3218","That is what Miss May saw.","Саме це бачила пані Квтіка."
"3221","You see?","Розумієте?"
"3224","You hit her twice!","Ви вдарили її двічі!"
"3229","Don't you remember,","Чи ви не пам'ятаєте,"
"3233","Mr. Lawyer?","пане адвокате?"
"3247","Hmm...","Гм-м.."
"3251","That does seem to make sense.","Наче все збігається."
"3254","Will you be cross-examining","Чи будете ви проводити"
"3256","the witness's testimony?","перехресний допит?"
"3263","You bet I will!","Ну звісно буду!"
"3266","I mean,","Тобто,"
"3268"," yes,"," так,"
"3270"," Your Honor."," Ваша честь."
"3293","-- She Ran to the ""Left"" --","-- Вона побігла «ліворуч» --"
"3313","Miss May's testimony was","Показання пані Квітки були"
"3315","correct... as was mine!","дійсними... Так само як і мої!"
"3328","When you assaulted the girl,","Коли ви напали на неї,"
"3330","she first ran to the left.","вона побігла ліворуч."
"3343","And then you hit her,","Тоді, ви її вдарили,"
"3345","savagely! That is what I saw.","жорстоко! Ось що я бачив."
"3358","Next, with the last","Далі, вона"
"3360","of her strength, she","з останніх сил"
"3362","ran to the right.","побігла праворуч."
"3375","You chased her, and delivered","Ви наздогнали і добили її"
"3377","the final blow.","останнім ударом."
"3390","That is what Miss May saw.","Саме це бачила пані Квтіка."
"3403","You see?","Розумієте?"
"3405","You hit her twice!","Ви вдарили її двічі!"
"3416","What do you think Phoenix?","Що думаєш, Феніксе?"
"3420","I think we've got him","Мені здається ми спіймали"
"3422","right where we want him!","його на гарячому."
"3425","He slipped!","Він обмовився!"
"3427","Let him laugh for now.","Нехай сміється."
"3430","I'll soon wipe that smile","Сміється той хто сміється"
"3432","off his face!","останнім!"
"3451","What do you mean by that!","Що ви маєте на увазі?"
"3460","That is what I am","Саме зараз я збираюся"
"3462","about to explain!","це пояснити!"
"3466","You Americans,","Ви, американці, "
"3468"," always so"," такі"
"3470","impatient!","нетерплячі!"
"3472"," It does not"," вам це точно"
"3474","become you.","не пасує."
"3483","(Hey buddy,","(Гей, друже,"
"3485"," you're an"," ти також"
"3487","American,","американець"
"3489"," too!)","взагалі-то!"
"3508","What do you mean ""first""?","Тобто «спочатку»?"
"3519","""First""?","«Спочатку»?"
"3521"," That is what comes"," Це те що стається"
"3523","before what happens ""next.""","перед «потім.»"
"3525","You do speak English,","Ви ж розумієте мову,"
"3527"," right?","чи не так?"
"3530","Please,","Прошу,"
"3532"," sit back,"," відпочиньте,"
"3534"," relax."," розслабтеся."
"3537","I will try to use simple","Я спробую вживати простіші слова"
"3539","words for your benefit.","заради вас."
"3541","First,","Спочатку,"
"3543"," she ran to the left,"," вона побігла ліворуч,"
"3546","and then...","і після цього..."
"3571","I didn't hit anyone!","Не бив я нікого!"
"3580","Now,","Ви"
"3582"," now,","чого,"
"3584"," Mr. Wright."," пане Райт."
"3587","There is no point hiding","Нема сенсу приховувати"
"3589","things from this court.","такі деталі від суду."
"3601","I'm not hiding anything!","Нічого я не приховую!"
"3614","The prosecution requests that","Обвинувачення вимагає"
"3616","the defense refrain from","від захисту"
"3618","interrupting the testimony!","невтручання в показання очевидця!"
"3623","Mr. Wright,","пану Райт,"
"3625"," you have"," вас було"
"3627","been warned.","попереджено."
"3637","(Why's he mad at me!?)","(Чому він на мене сердиться!)"
"3660","What do you mean ""next""!?","Тобто «потім»!?"
"3671","""Next"" is what comes","«Потім» це те що"
"3673","after ""first.""","стається після «спочатку.»"
"3687","I know that!","Я це знаю!"
"3697","Then that is all you need","Тож це все що вам треба"
"3699","to know,","знати,"
"3701"," Mr. Lawyer."," пане адвокате."
"3704","As I said,","Як я і казав,"
"3706"," she turned and"," вона обернулась"
"3708","made a desperate dash to","і зробила відчайдушний ривок"
"3710","the right.","праворуч."
"3732","Stop saying it was me!","Досить казати, що це був я!"
"3744","But,","Але,"
"3746"," it was you."," це були ви."
"3759","Mr. Wright!","пане Райт!"
"3761"," If you claim"," Якщо ви заявляєте"
"3763","that it was NOT you,","що це були НЕ ви,"
"3765"," then"," тоді"
"3767","show us proof!","давайте докази!"
"3775","(Argh!","(Та щоб вас!"
"3777"," Can I do nothing"," Я геть усе роблю"
"3779","right?","не так?"
"3781"," Nothing!?)"," Геть усе!?)"
"3787","May I continue?","Чи можу я продовжити?"
"3805","So each of you saw","Отож кожен із вас бачив"
"3807","different parts...?","різні епізоди...?"
"3819","Abso-","Цілко-"
"3821","posi-","ви-"
"3823","lutely!","тенько!"
"3826","That's right,","Саме так,"
"3828"," of course!"," звісно!"
"3835","(Where did he pick up","(Звідки він взяв цю"
"3837","that annoying phrase...?)","бісячу фразу...?)"
"3843","Anyway,","Менше з тим,"
"3845"," moving along!"," продовжуємо!"
"3863","So were you watching","То ж ви спостерігали"
"3865","both times?","двічі?"
"3874","I suppose I was.","Гадаю, що так."
"3877","And please ","І будь ласка,"
"3880","excuse me for not","пробачте за те,"
"3882","testifying to this sooner!","що не свідчив раніше!"
"3891","Mr. White!","Пане Червуд!"
"3896","The victim died from","Жертва померла"
"3898","a single blow!","від одного удару!"
"3908","...!","...!"
"3918","What do you have","Вам є що"
"3920","to ","відповісти "
"3922","say to that?","на це?"
"3933","Er...","Е-е..."
"3935"," "," "
"3937","Erp!","Кхм!"
"3946","(Now's my chance to","(Тепер це мій шанс"
"3948","hit him where it counts!)","влучити йому в саму точку!)"
"3957","Mr. White.","Пане Червуд."
"3959"," Wasn't it you who"," Ви ж наче казали судові,"
"3961","told this court you were","що ви"
"3963","""abso-posi-lutely perfect""?","«цілко-ви-тенько ідеальний?»"
"3974","Mmph.","Ммпф."
"3977","I will refrain from using","Нині я утримуватимусь від"
"3979","this phrase from now on.","висловлювання цієї фрази."
"3984","Your Honor,","Ваша честь,"
"3986"," if you could ask"," Чи могли б ви"
"3988","the witness for a new","попросити очевидця дати"
"3990","testimony...","нові показання..."
"4003","The witness is obviously","Очевидець безсумнівно"
"4005","confused,","спантеличений,"
"4007"," Your Honor!"," Ваша честь!"
"4009","I would like to request","Я прошу у вас"
"4011","a 10 minute break!","десятихвилинної перерви!"
"4016","Yes...","Так..."
"4018"," yes,"," так,"
"4020"," quite."," авжеж."
"4038","The witness is confused","Очевидець спантеличений"
"4042","because he's lying!","бо він бреше!"
"4054","I emphatically request that","Я наполягаю щоб"
"4056","there be no break,","ніякої перерви не було,"
"4058"," "," "
"4060","Your Honor!","Ваша честь!"
"4079","(Yeah!","(Так!"
"4081"," We want justice...!)"," Ми хочемо справедливості...!)"
"4086","(Don't let him get away!)","(Не дайте цьому зійти з рук!)"
"4103","Very well.","Що ж."
"4105","If the witness would care to","Було б добре якби"
"4107","revise his testimony...","очевидець змінив свої показання."
"4113","(The crowd's on my side!","(Натовп на моєму боці!"
"4116","No slipping out of this","Цього разу не"
"4118","now,","вислизнеш,"
"4120"," White!)"," Червуд!)"
"4126","Mr. White?","Пане Червуд?"
"4134","O...","Г..."
"4136"," okay..."," гаразд..."
"4156","-- The Two Accounts --","-- Дві версії -"
"4171","Umm,","Ем-м,"
"4173"," well,"," ну,"
"4175"," see--"," розумієте"
"4177","I looked at","Я подивився"
"4179","the other window when I heard","в інше вікно, коли я почув"
"4181","that thing fall.","як та штука впала."
"4185","Then,","Тоді, "
"4187"," the next moment,"," наступної миті,"
"4189"," I saw"," я побачив"
"4191","Miss Mia run to the left!","Пані Мію, яка бігла ліворуч!"
"4195","The killer,","Убивця,"
"4197"," you,"," тобто ви,"
"4199"," attacked"," напав"
"4201","her...","на неї..."
"4203"," but she dodged."," але вона ухилилася."
"4210","Umm...","Е-е-е..."
"4212"," and then..."," А потім..."
"4215","She turned,","Вона обернулась,"
"4217"," and ran"," і побігла"
"4219","for the door!","до дверей!"
"4222","Then you did her in with","Потім ви розправилися з нею"
"4224","a single ","одним"
"4228","blow!","ударом!"
"4230"," "," "
"4232","Thwap!","Хрясь!"
"4245","Hmm.","Гмм."
"4247"," ""Thwap"" indeed."," Дійсно, «хрясь.»"
"4251","Very well,","Що ж,"
"4253"," you may begin"," ви можете починати"
"4255","the cross-examination.","перехресний допит."
"4262","Mr. Your Honor...","Пане Ваша честь..."
"4264","My stomach,","Мій живіт,"
"4266"," you see,"," типу,"
"4269","it is hurting...","мені болить..."
"4278","Deal with it.","Потерпіть."
"4283","This is almost over.","Все майже скінчено."
"4294","...!","...!"
"4318","-- The Two Accounts --","-- Дві версії --"
"4338","Umm, well, see--","Ем-м, ну, розумієте --"
"4340","I looked at","Я подивився"
"4342","the other window when I heard","в інше вікно, коли я почув"
"4344","that thing fall.","як та штука впала."
"4354","A light stand was lying on","Підставка для світильника була на"
"4356","the floor when I looked.","пілозі коли я подивився."
"4369","Then, the next moment, I saw","Тоді, наступної миті, я побачив"
"4371","Miss Mia run to the left!","пані Мію, яка бігла ліворуч!"
"4384","The killer, you, attacked","Убивця, тобто ви, напав на"
"4386","her... but she dodged.","неї... але вона ухилилася."
"4399","She turned, and ran","Вона обернулась, і побігла"
"4401","for the door!","до дверей!"
"4414","Then you did her in with","А потім, ви розправилися з нею"
"4416","a single blow! Thwap!","одним ударом! Хрясь!"
"4426","Phoenix!","Феніксе!"
"4428","He's getting a lot","Він стає все менш"
"4430","less talkative.","балакучим."
"4434","He's probably afraid I'll","Він певно боїться, що"
"4436","catch him on something!","я спіймаю його на гарячому!"
"4439","(But it won't be easy!)","(Але це буде нелегко!)"
"4459","You heard ""that thing fall""?","Ви чули як «та штука впала»?"
"4462","What exactly was ""that thing""?","Що це була за «штука»?"
"4474","Huh?","Га?"
"4476"," Oh..."," Оу..."
"4478"," oh,"," ой,"
"4480"," that?","це?"
"4483","Umm...","Е-е-е..."
"4485"," the glass light stand!"," скляна підставка для світильника!"
"4491","(Right...","(Авжеж..."
"4493"," the one that had"," та сама, що"
"4495","fallen over at the scene.)","розбилася на місці події.)"
"4501","Phoenix!","Феніксе!"
"4505","Doesn't something about","Чи не здається тобі"
"4507","that strike you as odd?","щось дивним в його словах?"
"4521","Huh?","Га?"
"4524","No,","Ні,"
"4526"," not really."," я б не сказав."
"4532","Please continue your","Будь ласка, продовжуйте ваш"
"4534","cross-examination.","перехресний допит."
"4554","(Yeah,","Та,"
"4556"," that is odd."," це справді дивно."
"4559","I'll press further.)","треба дотиснути.)"
"4564","Mr. White.","пане Червуд."
"4574","Huh?","Га?"
"4576"," W-"," Ш-"
"4578","what?","що?"
"4587","You're saying you saw","Ви кажете, що бачили"
"4589","the glass light stand?","скляну підставку для світильника?"
"4598","Y-","Т-"
"4600","yes.","так."
"4609","Then change your testimony","Тоді доповніть ваші"
"4611","to reflect that!","показання!"
"4616","S-","П-"
"4620","sorry.","перепрошую."
"4623","My bad...","Мій провтик..."
"4628","The witness will revise","Очевидцю,"
"4630","his testimony.","доповніть свої показання."
"4635","Okay okay.","Гаразд-гаразд."
"4637"," Of course."," Звісно."
"4657","""Miss Mia""...?","«Пані Мія»...?"
"4660","Mr. White,","Пане Червуд,"
"4662"," did you know"," чи знали ви"
"4664","the victim personally?","жертву особисто?"
"4674","No ","Ні "
"4676","no ","ні "
"4678","no,","ні,"
"4680"," "," "
"4684","triple no!","потрійне ні!"
"4689","How would I?","Як я міг?"
"4691"," How could I!"," Яким чином!"
"4704","I see nothing odd about","Не бачу нічого дивного в тому,"
"4706","the witness knowing ","що свідок знає "
"4708","the name of the victim.","ім'я жертви."
"4719","Mr. Wright!","Пане Райт!"
"4721"," I will not have"," Я не дозволю вам"
"4723","you harrying the witness!","тривожити очевидця!"
"4730","(You're looking a little","(Виглядаєш трохи"
"4732","flustered,","схвильовано,"
"4734"," Edgeworth!)"," Еджворте!)"
"4753","Now before,","Раніше,"
"4755"," you said that she"," ви казали що її"
"4757","was hit before she ran.","вдарили перед тим як вона бігла."
"4766","Y-","Т-"
"4768","yes,","так,"
"4772"," I must have"," Я певно"
"4774","been confused.","був спантеличений."
"4776","But don't worry!","Проте не переймайтеся!"
"4779","We all know what happened now.","Тепер ми всі знаємо, що трапилося."
"4803","What did you do then?","Що ви тоді робили?"
"4814","I gave chase,","Я побіг за нею,"
"4816"," of course!"," очевидно ж!"
"4823","...!","...!"
"4831","No!","Ні!"
"4833"," No!"," Ні!"
"4836"," Not me."," Не я."
"4840","Th-","В-"
"4844","the killer,","вбивця,"
"4846"," I mean!"," тобто!"
"4849","He gave chase!","Він побіг за нею!"
"4862","Mr. White,","Пане Червуд,"
"4864"," please try"," будь ласка, спробуйте"
"4866","to remain calm.","зберігати спокій."
"4873","Mr. Wright here is only trying","Пан Райт лише намагається"
"4875","to fluster you with baseless","збити вас з пантелику своїми безпідставними"
"4877","accusations!","заявами!"
"4884","Oh...","О..."
"4886"," oh right."," о, так."
"4888"," Thank you,"," Дякую,"
"4890","Miles.","Майлзе."
"4908","""Thwap""...?","«Хрясь»...?"
"4911","That doesn't sound like the","Це не звучить як"
"4913","""savage"" attack from your","«безжальний» напад, як ви"
"4915","earlier testimony...","казали раніше..."
"4920","Ho!","Хо!"
"4922"," Hoh"," Хо"
"4924"," hoh!"," хо!"
"4926"," "," "
"4929","Yes,","Так,"
"4931"," well,"," ну,"
"4934","I am a man of peace,","Я мирна людина,"
"4936"," you see."," розумієте."
"4944","The ""glass stand was lying","«підставка для світильника"
"4946","on the floor""?","була на підлозі?»"
"4948"," That's the"," Це щось"
"4950","first I've heard of this.","новеньке."
"4953","Why didn't you tell us","Чому ви не сказали нам"
"4955","about the stand before?","про підставку раніше?"
"4966","W-","Ч-"
"4968","why?","чому?"
"4970"," Me?"," Я?"
"4972"," "," "
"4974","W-","Н-"
"4976","well...","ну..."
"4978"," I was instructed"," Мені наказали"
"4980","not to...","цього не..."
"4984"," wait!"," стривайте!"
"4990","One moment!","Хвилинку!"
"4992"," "," "
"4995","Give me a minute to gather","Дайте мені хвилину зібратися"
"4997","my thoughts.","з думками."
"5001","I am so...","Я дуже..."
"5003"," so confused."," дуже спантеличений."
"5009","(White's falling apart.)","(Червуд розривається.)"
"5029","Your Honor!","Ваша честь!"
"5031"," Please,"," Будь ласка,"
"5033"," I ask that"," я прошу"
"5035","you do not allow the witness","щоб очевидця більше"
"5037","to be badgered any further!","не плутали!"
"5042","M-","П-"
"5044","Mr. Wright.","пане Райт."
"5046","Please refrain from badgering","Будь ласка, не плутайте"
"5048","the witness...","очевидця..."
"5053","Yes,","Так,"
"5055"," Your Honor."," Ваша честь."
"5060","(Edgeworth is on the ropes!)","(Еджворт весь напружений!)"
"5066","Very well.","Дуже добре."
"5068"," The witness"," Очевидець"
"5070","may continue his account.","може продовжувати."
"5089","Mr. White.","Пане Червуд."
"5097","It was impossible for you","Ви ніяк не могли побачити "
"5099","to have seen the glass stand!","цей скляний торшер!"
"5112","Wha","Щ"
"5114","aaa","оооо"
"5116","t!?","о!?"
"5126","Mr. White.","Пане Червуд."
"5134","It was impossible for you","Ви ніяк не могли побачити "
"5136","to have seen the light stand!","цей скляний торшер!"
"5145","Whaaaat!?","Щооооо!?"
"5153","The stand broke into","Торшер розбився вщент"
"5155","pieces when it fell!","коли він впав!"
"5163","Ooof","Оооох"
"5165","!","!"
"5173","Just by seeing ","Просто бачучи"
"5175","the broken","ці"
"5177","pieces","уламки"
"5179"," you would have no"," ви би гадки"
"5181","idea it was ","не мали що це був "
"5183","a light stand","саме торшер"
"5185","!","!"
"5187","So tell me,","То скажіть мені,"
"5189"," exactly when"," коли саме"
"5192","was it that you saw the stand?","ви побачили торшер?"
"5203","Answer ","Відповідайте"
"5205","the ","на"
"5207","question!","запитання!"
"5218","...!","...!"
"5221","I-","Ч-"
"5224","isn't it obvious?","чи це не очевидно?"
"5227","I saw the stand before it","Я бачив торшер до того"
"5229","fell over!","як він впав!"
"5239","So...","Тож..."
"5241"," you saw the stand"," ви бачили його"
"5243","before the victim was","до того як напали на"
"5245","attacked,","жертву,"
"5247"," then?"," так?"
"5256","C-","Т-"
"5261","correct!","так!"
"5263"," That would be"," Це ж"
"5265","no problemo,","Гэта не праблема,"
"5267"," right?"," ці не так?"
"5274","(Hmm...)","(Гмм...)"
"5291","Right.","Так."
"5294","I guess there isn't a problem.","Наче жодних проблем."
"5300","Very well.","Що ж."
"5303","Now...","Тепер..."
"5310","Ph-","Ф-"
"5315","Phoenix!","Феніксе!"
"5318","Wait!","Стривай!"
"5320"," "," "
"5324","Huh?","Га?"
"5326"," What?"," Що?"
"5330","He saw the stand through the","Він бачив торшер через"
"5332","office window before it fell","вікно офісу до того як він"
"5334","over...","впав..."
"5336","That's what he's saying,","Це його слова,"
"5339","right?","так?"
"5343","Yeah,","Так,"
"5345"," I guess so."," Начебто."
"5351","How could that be possible?","Як це можливо?"
"5358","Huh...?","Га...?"
"5360"," Why not?"," А чому ні?"
"5365","There's no way he could have","Не може бути щоб він його"
"5368","seen it!","бачив!"
"5370"," And you have proof!"," І ти маєш доказ цьому!"
"5375","...","..."
"5381","Oh!","Оу!"
"5387","Something wrong,","Щось не так,"
"5389"," Mr. Wright?"," пане Райт?"
"5394","Sorry,","Перепрошую,"
"5396"," Your Honor!"," Ваша честь!"
"5399","I guess there is a problemo,","Мені здається що це справді праблема!"
"5402","er,","ее,"
"5404"," I mean,"," Проблема,"
"5406"," a problem."," тобто"
"5411","I see.","Зрозуміло."
"5413"," Please try to think"," Будь ласка, думайте"
"5415","before you speak,","перед тим як говорити,"
"5417"," Mr. Wright."," пане Райт."
"5422","Sorry,","Вибачте,"
"5424"," Your Honor."," Ваша честь."
"5426","But,","Але,"
"5428"," I have proof!"," в мене є доказ!"
"5441","There's a big problemo,","Це справді сур'ёзная праблема!"
"5443"," er,"," ее,"
"5446","I mean problem here.","Тобто проблема."
"5451","What ","Що "
"5455","problem is this?","за проблема?"
"5460","Mr. White,","Пане Червуд,"
"5462"," let me make sure"," дайте мені знати"
"5464","I have this straight...","чи я все розумію правильно..."
"5466","You saw the glass light","Ви бачили скляний"
"5468","stand through the window,","торшер через вікно,"
"5471","from the hotel...","з самого готелю..."
"5473","before the incident occurred?","До того як сталося вбивство?"
"5485","Correct!","Саме так!"
"5489"," That is so!"," Авжеж!"
"5492","It's conclusive,","Це переконливо,"
"5494"," definitive,"," остаточно,"
"5497","undeniable...","беззаперечно..."
"5499"," unimpeachable!"," безсумнівно!"
"5511","No,","Ні,"
"5513"," it's impossible!"," це неможливо!"
"5516","You couldn't have seen","Ви аж ніяк не могли бачити"
"5518","the stand!","цей торшер!"
"5540","What?","Що?"
"5542"," "," "
"5546","Why couldn't he?","Чому він не міг?"
"5549","You have proof?","У вас є доказ?"
"5560","I sure do,","Звісно маю,"
"5562"," Your Honor!"," Ваша честь!"
"5570","A person in the hotel could","Людина з готелю не"
"5572","not have seen the stand before","могла бачити торшер до того"
"5574","it fell over!","як він впав!"
"5589","This is the proof!","І ось мій доказ!"
"5592","...","..."
"5597","Something the matter?","Щось не так?"
"5603","N-","Н-"
"5605","no...","ні..."
"5607"," it's just..."," просто..."
"5614","Phoenix...","Феніксе..."
"5616"," I don't think"," Я не думаю"
"5618","that's what you meant.","що це те що ти хотів показати."
"5628","(I don't think so either.)","(Мені теж так здається.)"
"5634","Mr. Wright.","Пане Райт."
"5636"," This courtroom"," Цей суд"
"5638","is no place to play","не місця для"
"5640","practical jokes.","анекдотів."
"5645","I'm sorry,","Перепрошую,"
"5647"," Your Honor."," Ваша честь."
"5650","Let me try that again.","Нумо спробую ще раз."
"5662","Look at this!","Подивіться на це!"
"5667","These are the floor plans to","Це ж план поверху до"
"5669","the scene of the murder,","місця вбивства,"
"5671"," yes?"," так?"
"5680","Correct,","Правильно,"
"5682"," Your Honor."," Ваша честь."
"5686","Now,","Тож,"
"5688"," look..."," погляньте..."
"5702","If you were to look through","Якби ви дивилися через"
"5704","the window at the office...","вікно на цей офіс..."
"5708","This is the area you","Ви б бачили лише"
"5710","would be able to see!","ось цю зону!"
"5715","Here!","Ось!"
"5717","Well...?","Ну що...?"
"5719","Note that the stand is not","Візьміть до уваги, що торшер"
"5721","within the visible area!","є поза зоною досяжності!"
"5736","Well,","Тож,"
"5738"," Mr. White!"," Пане Червуд!"
"5749","What do you have to","Вам є що"
"5751","say ","відповісти "
"5753","to that!?","на це!?"
"5765","Er...","Ее..."
"5767"," "," "
"5769","erp!","егрх!"
"5772","Ri","Без"
"5775","...","..."
"5777"," "," "
"5779","dicu...","глу..."
"5781"," "," "
"5784","losity...","здість..."
"5790","Mr. White.","Пане Червуд."
"5793","If you were in the Gatewater","If you were in the Gatewater"
"5795","Hotel as you claim,","Hotel as you claim,"
"5799","you could not have seen the","you could not have seen the"
"5801","stand before it fell over!","stand before it fell over!"
"5805","In fact,","In fact,"
"5807"," you wouldn't have"," you wouldn't have"
"5809","been able to see it after","been able to see it after"
"5811","it fell,","it fell,"
"5813"," either!"," either!"
"5817","There's no way you could have","There's no way you could have"
"5819","recognized the broken shards","recognized the broken shards"
"5821","as a glass light stand!","as a glass light stand!"
"5825","So,","So,"
"5827"," when did you see"," when did you see"
"5829","the stand,","the stand,"
"5831"," Mr. White?"," Mr. White?"
"5839","It ","It "
"5842","must have been the","must have been the"
"5845","moment that it fell!","moment that it fell!"
"5848","And the only place you could","And the only place you could"
"5850","have seen that from...","have seen that from..."
"5854"," is"," is"
"5856","inside the ","inside the "
"5858","Fey Law Offices!","Fey Law Offices!"
"5870","In other words,","In other words,"
"5872"," "," "
"5874","you were","you were"
"5876","at the ","at the "
"5878","scene of ","scene of "
"5880","the crime,","the crime,"
"5883","when ","when "
"5885","the murder ","the murder "
"5887","took place!","took place!"
"5900","Gaa","Gaa"
"5902","aaa","aaa"
"5904","aaa","aaa"
"5906","aaaa","aaaa"
"5909","aaa","aaa"
"5912","aaa","aaa"
"5914","aaa!","aaa!"
"5918","!","!"
"5941",",,",",,"
"5951","Mr...","Mr..."
"5953"," White?"," White?"
"5958","...","..."
"5964","Mr. White.","Mr. White."
"5969","...","..."
"5976","You did it,","You did it,"
"5978"," didn't you?"," didn't you?"
"5983","...","..."
"5986","Mr. Your Honor.","Mr. Your Honor."
"5989","I...","I..."
"5991"," I..."," I..."
"5994","Miss Mia...","Miss Mia..."
"5996","..",".."
"5998",".","."
"6005","(Heh.","(Heh."
"6007"," Looks like we're about"," Looks like we're about"
"6009","to get our verdict!)","to get our verdict!)"
"6025","That's far enough,","That's far enough,"
"6027"," "," "
"6031","Phoenix Wright","Phoenix Wright"
"6033","!","!"
"6043","W-","W-"
"6046","wha","wha"
"6048","t!?","t!?"
"6054","(Urk!","(Urk!"
"6056"," I forgot about"," I forgot about"
"6058","Edgeworth!)","Edgeworth!)"
"6065","Mr. White...","Mr. White..."
"6070","...","..."
"6075","I think the time has come.","I think the time has come."
"6079","Shouldn't you confess","Shouldn't you confess"
"6081","your crime now,","your crime now,"
"6083"," hmm?"," hmm?"
"6093","W...","W..."
"6098"," what?"," what?"
"6108","I said,","I said,"
"6110"," you should confess"," you should confess"
"6112","your crime.","your crime."
"6114","Ergo,","Ergo,"
"6121","confess that you placed","confess that you placed"
"6123","the wiretap!","the wiretap!"
"6130","The w-","The w-"
"6135","wiretap!?","wiretap!?"
"6158","Order!","Order!"
"6160"," Order!"," Order!"
"6164","Mr. Edgeworth!","Mr. Edgeworth!"
"6166"," Explain to the"," Explain to the"
"6168","court what you mean by this!","court what you mean by this!"
"6173","Distinguished members of","Distinguished members of"
"6175","the court...","the court..."
"6177","Mr. White is slightly","Mr. White is slightly"
"6179","confused.","confused."
"6181","Allow me to explain.","Allow me to explain."
"6188","(I really don't like the","(I really don't like the"
"6190","way this is headed...)","way this is headed...)"
"6197","As you know,","As you know,"
"6199"," Mr. White is"," Mr. White is"
"6201","the CEO of Bluecorp.","the CEO of Bluecorp."
"6203","He ordered his secretary,","He ordered his secretary,"
"6206","Miss April May,","Miss April May,"
"6208"," to tap the"," to tap the"
"6210","law offices of Ms. Fey.","law offices of Ms. Fey."
"6215","What does that have to do...?","What does that have to do...?"
"6220","Your Honor.","Your Honor."
"6223","The question is:","The question is:"
"6225"," when was the"," when was the"
"6227","wiretap placed in the office,","wiretap placed in the office,"
"6230","and by who?","and by who?"
"6242","No!","No!"
"6244"," You wouldn't!"," You wouldn't!"
"6249","Mr. White.","Mr. White."
"6253","In order to place the","In order to place the"
"6255","wiretap,","wiretap,"
"6257"," you entered"," you entered"
"6259","Ms. Fey's office.","Ms. Fey's office."
"6261","Am I correct...?","Am I correct...?"
"6273","...","..."
"6280","!","!"
"6284","C-","C-"
"6289","correct!","correct!"
"6291"," "," "
"6295","You are","You are"
"6297","most correct,","most correct,"
"6300"," Miles!"," Miles!"
"6309","Give ","Give "
"6311","me a ","me a "
"6313","break!","break!"
"6324","Yes...","Yes..."
"6326"," in order to place the"," in order to place the"
"6328","wiretap,","wiretap,"
"6330"," I breached the"," I breached the"
"6332","Fey ＆ Co. Law Offices!","Fey ＆ Co. Law Offices!"
"6335","That is when I saw that","That is when I saw that"
"6337","accursed light stand!","accursed light stand!"
"6362","Now I'm confused.","Now I'm confused."
"6364"," Please"," Please"
"6366","explain to the court what","explain to the court what"
"6368","all this means,","all this means,"
"6370"," Mr. Edgeworth!"," Mr. Edgeworth!"
"6375","Gladly,","Gladly,"
"6377"," Your Honor."," Your Honor."
"6380","Mr. Phoenix Wright has made","Mr. Phoenix Wright has made"
"6382","his position quite clear.","his position quite clear."
"6384","He has determined that","He has determined that"
"6386","Mr. White knew the glass","Mr. White knew the glass"
"6388","stand was in the office.","stand was in the office."
"6390","He has shown that there was","He has shown that there was"
"6392","only one time Mr. White","only one time Mr. White"
"6394","could have seen the stand:","could have seen the stand:"
"6396","at the very moment of","at the very moment of"
"6398","the murder!","the murder!"
"6400","Thus,","Thus,"
"6402"," Mr. Wright would like"," Mr. Wright would like"
"6404","you to believe that Mr. White","you to believe that Mr. White"
"6406","was the murderer!","was the murderer!"
"6412","I see.","I see."
"6418","However!","However!"
"6421","It is a fact that Mr. White","It is a fact that Mr. White"
"6423","had been to that office well","had been to that office well"
"6425","before the murder took place!","before the murder took place!"
"6427","When he went to place the","When he went to place the"
"6429","wiretap!","wiretap!"
"6431","He could have seen the","He could have seen the"
"6433","glass light stand then.","glass light stand then."
"6450","Ergo,","Ergo,"
"6452"," "," "
"6454","Mr. Phoenix Wright's","Mr. Phoenix Wright's"
"6456","theory is ","theory is "
"6458","revealed for the","revealed for the"
"6461","baseless conjecture it is!","baseless conjecture it is!"
"6491","Mr. White!","Mr. White!"
"6493","You will testify to the court","You will testify to the court"
"6495","about this wiretapping!","about this wiretapping!"
"6505","Ahem.","Ahem."
"6508","Leave it to me!","Leave it to me!"
"6518","(I...","(I..."
"6520"," I feel "," I feel "
"6522","faint.)","faint.)"
"6543","-- The Wiretapping --","-- The Wiretapping --"
"6556","It was the beginning of","It was the beginning of"
"6558","September...","September..."
"6560"," the week"," the week"
"6562","before the murder.","before the murder."
"6564","I had entered the","I had entered the"
"6566","Fey ＆ Co. Law Offices.","Fey ＆ Co. Law Offices."
"6569","Of course,","Of course,"
"6571"," I had done so"," I had done so"
"6573","to place the wiretap.","to place the wiretap."
"6576","That is when I saw this","That is when I saw this"
"6579","glass light stand.","glass light stand."
"6592","Hmm...","Hmm..."
"6595","So,","So,"
"6597"," you saw the stand"," you saw the stand"
"6599","before the night of","before the night of"
"6601","the incident...","the incident..."
"6604","And this is how you were able","And this is how you were able"
"6606","to identify what had fallen","to identify what had fallen"
"6608","over.","over."
"6610"," By the sound?"," By the sound?"
"6622","Correct!","Correct!"
"6625","That is right.","That is right."
"6631","I see.","I see."
"6634","Very well,","Very well,"
"6636"," "," "
"6638","Mr. Wright,","Mr. Wright,"
"6640"," you"," you"
"6642","may cross-examine.","may cross-examine."
"6651","(Gah!","(Gah!"
"6653"," What am I supposed"," What am I supposed"
"6655","to do now...!?)","to do now...!?)"
"6661","Good luck,","Good luck,"
"6663"," Phoenix..."," Phoenix..."
"6686","-- The Wiretapping --","-- The Wiretapping --"
"6706","It was the beginning of","It was the beginning of"
"6708","September... the week","September... the week"
"6710","before the murder.","before the murder."
"6723","I had entered the","I had entered the"
"6725","Fey ＆ Co. Law Offices.","Fey ＆ Co. Law Offices."
"6738","Of course, I had done so","Of course, I had done so"
"6740","to place the wiretap.","to place the wiretap."
"6757","That is when I saw this","That is when I saw this"
"6759","glass light stand.","glass light stand."
"6771","(Dammit! ","(Dammit! "
"6773","There's nothing","There's nothing"
"6775","there for me to press him on!)","there for me to press him on!)"
"6777","(Oh well...","(Oh well..."
"6779"," Maybe he's rattled"," Maybe he's rattled"
"6781","enough that I can bluff","enough that I can bluff"
"6783","something out of him!)","something out of him!)"
"6804","D-","D-"
"6806","do you have proof!?","do you have proof!?"
"6819","Miss April May knew the","Miss April May knew the"
"6821","details of Ms. Fey's","details of Ms. Fey's"
"6823","phone conversation!","phone conversation!"
"6827","This proves that the wiretap","This proves that the wiretap"
"6829","was placed before the murder!","was placed before the murder!"
"6838","Huh...","Huh..."
"6840"," "," "
"6842","right.","right."
"6862","Was it really you that","Was it really you that"
"6864","went into the office?","went into the office?"
"6866","Or was it Miss May?","Or was it Miss May?"
"6879","Unidentified fingerprints","Unidentified fingerprints"
"6881","several days old were found","several days old were found"
"6883","in the Fey ＆ Co. Law Offices.","in the Fey ＆ Co. Law Offices."
"6886","Those were obviously","Those were obviously"
"6888","Mr. White's.","Mr. White's."
"6894","(And if I know Edgeworth,","(And if I know Edgeworth,"
"6896"," he's"," he's"
"6898","already run a check on those","already run a check on those"
"6900","prints...)","prints...)"
"6911","Now,","Now,"
"6913"," Mr. White."," Mr. White."
"6915"," Tell us why"," Tell us why"
"6917","you went to the Fey ＆ Co.","you went to the Fey ＆ Co."
"6919","Law Offices.","Law Offices."
"6944","Why did you tap Mia's","Why did you tap Mia's"
"6946","phone!?","phone!?"
"6959","This has no bearing on","This has no bearing on"
"6961","the current case,","the current case,"
"6963"," Your Honor."," Your Honor."
"6969","Bluecorp is a detective","Bluecorp is a detective"
"6971","agency of sorts.","agency of sorts."
"6974","We have a responsibility to","We have a responsibility to"
"6976","protect client confidentiality!","protect client confidentiality!"
"7002","Why did you notice something","Why did you notice something"
"7004","as innocuous as a light","as innocuous as a light"
"7006","stand!?","stand!?"
"7015","The light stand was made","The light stand was made"
"7017","entirely out of glass.","entirely out of glass."
"7019","It was quite stylish,","It was quite stylish,"
"7021"," so"," so"
"7023","I guess it made a lasting","I guess it made a lasting"
"7025","impression on me.","impression on me."
"7031","Such a beautacious thing","Such a beautacious thing"
"7033","deserves attention,","deserves attention,"
"7036","does it not?","does it not?"
"7038","That is all.","That is all."
"7057","(Uh oh!","(Uh oh!"
"7059"," Don't tell me"," Don't tell me"
"7061","I've run out of ammo!)","I've run out of ammo!)"
"7070","Tsk tsk.","Tsk tsk."
"7074","I'm afraid that's as","I'm afraid that's as"
"7076","far as you go,","far as you go,"
"7078"," Mr. Wright."," Mr. Wright."
"7082","The time has come for you","The time has come for you"
"7084","to admit your defeat!","to admit your defeat!"
"7086","You fought...","You fought..."
"7088"," honorably."," honorably."
"7104","(No more...)","(No more...)"
"7106","(I can't take this anymore...)","(I can't take this anymore...)"
"7113","Mr. Wright?","Mr. Wright?"
"7115","Are you giving up?","Are you giving up?"
"7121","...","..."
"7126","Y-","Y-"
"7129","yes,","yes,"
"7131"," Your Honor."," Your Honor."
"7142","(Phoenix!)","(Phoenix!)"
"7151","...?","...?"
"7161","(Phoenix!","(Phoenix!"
"7163"," Over here!)"," Over here!)"
"7175","(I know that voice!)","(I know that voice!)"
"7177","(...)","(...)"
"7187","(M","(M"
"7189","-","-"
"7191","Mi","Mi"
"7193","a!?)","a!?)"
"7200","Never give up,","Never give up,"
"7202"," Phoenix!"," Phoenix!"
"7209","...!","...!"
"7211","!!!","!!!"
"7216","M-","M-"
"7218","M-","M-"
"7220","Mia...!","Mia...!"
"7241","Where...","Where..."
"7244","Where am I?","Where am I?"
"7257","The waiting lobby...?","The waiting lobby...?"
"7259","What happened?","What happened?"
"7262","...","..."
"7265","Oh,","Oh,"
"7267"," right..."," right..."
"7269","I lost the trial.","I lost the trial."
"7271","I was...","I was..."
"7273"," hallucinating."," hallucinating."
"7277","...","..."
"7292","Ah,","Ah,"
"7294"," you're finally awake."," you're finally awake."
"7305","Gak!","Gak!"
"7323","H-","H-"
"7325","hey!","hey!"
"7330","Phoenix!","Phoenix!"
"7333","...","..."
"7336","""Gak""?","""Gak""?"
"7338"," That's no way"," That's no way"
"7340","to greet an old friend!","to greet an old friend!"
"7342","Phoenix,","Phoenix,"
"7344"," I want you"," I want you"
"7346","to look at me.","to look at me."
"7366","Y-","Y-"
"7368","You're...","You're..."
"7372","M-","M-"
"7374","Maya...?","Maya...?"
"7379","Didn't you know the Fey","Didn't you know the Fey"
"7381","women have strong psychic","women have strong psychic"
"7383","powers...?","powers...?"
"7385","When you accepted your","When you accepted your"
"7387","defeat in court...","defeat in court..."
"7389","It appears that was enough","It appears that was enough"
"7391","of a shock to awaken","of a shock to awaken"
"7393","Maya's true powers.","Maya's true powers."
"7398","So...","So..."
"7400"," Maya is channeling"," Maya is channeling"
"7402","you,","you,"
"7404"," Mia?"," Mia?"
"7409","That's right.","That's right."
"7411"," I am Maya,"," I am Maya,"
"7413"," "," "
"7415","but I'm also Mia.","but I'm also Mia."
"7418","Now,","Now,"
"7420"," I want you to listen"," I want you to listen"
"7422","to me,","to me,"
"7424"," Phoenix."," Phoenix."
"7426","Maya never gave up.","Maya never gave up."
"7429","You can't either!","You can't either!"
"7431","That's what I came here","That's what I came here"
"7433","to tell you.","to tell you."
"7440","...!","...!"
"7442","B-","B-"
"7444","but!","but!"
"7448","We don't have much time,","We don't have much time,"
"7451","Phoenix.","Phoenix."
"7453"," Now listen."," Now listen."
"7458","You've already won.","You've already won."
"7464","Huh...?","Huh...?"
"7468","You have that Receipt in","You have that Receipt in"
"7470","the court record,","the court record,"
"7472"," right?"," right?"
"7479","Um...","Um..."
"7481"," oh,"," oh,"
"7483"," yeah!"," yeah!"
"7485"," The one you"," The one you"
"7487","wrote ""Maya"" on...?","wrote ""Maya"" on...?"
"7491","Phoenix!","Phoenix!"
"7493"," White wrote that,"," White wrote that,"
"7496","not me!","not me!"
"7500","So...","So..."
"7502"," so what do I do with it?"," so what do I do with it?"
"7506","Look at the front of","Look at the front of"
"7508","the receipt!","the receipt!"
"7513","The...","The..."
"7515"," front?"," front?"
"7520","(It's a regular receipt...)","(It's a regular receipt...)"
"7522","(Looks like it's from a ","(Looks like it's from a "
"7524","famous department store.)","famous department store.)"
"7526","(""$1,000.00""...","(""$1,000.00""..."
"7528"," Wow,"," Wow,"
"7530"," big"," big"
"7532","spender!)","spender!)"
"7534","(""Item""...","(""Item""..."
"7539","""Glass light stand""...!)","""Glass light stand""...!)"
"7541","(""Date of purchase""...","(""Date of purchase""..."
"7544","""September 4""...)","""September 4""...)"
"7550","...!","...!"
"7553","September ","September "
"7555","4!","4!"
"7561","That's right,","That's right,"
"7563"," Phoenix."," Phoenix."
"7565","I bought that stand the","I bought that stand the"
"7567","day before I was killed!","day before I was killed!"
"7573","Whoa!","Whoa!"
"7577","Now,","Now,"
"7579"," what did Mr. White"," what did Mr. White"
"7581","say in his testimony?","say in his testimony?"
"7593","It was the beginning of","It was the beginning of"
"7595","September...","September..."
"7597"," the week"," the week"
"7599","before the murder.","before the murder."
"7610","He said he saw the stand","He said he saw the stand"
"7614","the week before the murder!","the week before the murder!"
"7619","There you go!","There you go!"
"7621","I think the court is","I think the court is"
"7623","about to reconvene!","about to reconvene!"
"7626","Go do it,","Go do it,"
"7628"," Phoenix!"," Phoenix!"
"7631","You know you're innocent,","You know you're innocent,"
"7634","now you just have to prove it!","now you just have to prove it!"
"7640","Right!","Right!"
"7646","Receipt updated in","Receipt updated in"
"7648","the Court Record.","the Court Record."
"7669","September 9, 1:16 PM","September 9, 1:16 PM"
"7671","District Court","District Court"
"7673","Courtroom No. 1","Courtroom No. 1"
"7701","Court will now reconvene","Court will now reconvene"
"7703","for the trial of Mr. Phoenix","for the trial of Mr. Phoenix"
"7705","Wright.","Wright."
"7708","Is the defendant...","Is the defendant..."
"7710"," rather,"," rather,"
"7713","are you alright,","are you alright,"
"7715"," Mr. Wright?"," Mr. Wright?"
"7720","Yes.","Yes."
"7723","Sorry,","Sorry,"
"7725"," Your Honor."," Your Honor."
"7727","I'm fine now.","I'm fine now."
"7732","Then,","Then,"
"7734"," let's start where"," let's start where"
"7736","we left off.","we left off."
"7744","Your Honor.","Your Honor."
"7747","There is nothing to","There is nothing to"
"7749","go back to!","go back to!"
"7751","The cross-examination of","The cross-examination of"
"7753","Mr. White is finished!","Mr. White is finished!"
"7756","All that is required now is","All that is required now is"
"7758","for you to pass judgment on","for you to pass judgment on"
"7760","the defendant Phoenix Wright!","the defendant Phoenix Wright!"
"7765","Hmm...","Hmm..."
"7777","Your Honor!","Your Honor!"
"7779","Please,","Please,"
"7781"," give me"," give me"
"7783","one more chance.","one more chance."
"7785","I promise you,","I promise you,"
"7787"," this is the"," this is the"
"7789","last time I'll ask you!","last time I'll ask you!"
"7794","Hmm...","Hmm..."
"7798","But,","But,"
"7800"," as Mr. Edgeworth has"," as Mr. Edgeworth has"
"7802","noted,","noted,"
"7804"," the trial is more or"," the trial is more or"
"7806","less finished.","less finished."
"7809","Mr. Edgeworth,","Mr. Edgeworth,"
"7811"," do you have an"," do you have an"
"7814","opinion on this matter?","opinion on this matter?"
"7823","I say...","I say..."
"7825"," "," "
"7828","let us give","let us give"
"7830","Mr. Phoenix Wright his","Mr. Phoenix Wright his"
"7832","""last chance.""","""last chance."""
"7837","Very well!","Very well!"
"7841","You may begin your","You may begin your"
"7843","cross-examination.","cross-examination."
"7866","-- The Wiretapping --","-- The Wiretapping --"
"7886","It was the beginning of","It was the beginning of"
"7888","September... the week","September... the week"
"7890","before the murder.","before the murder."
"7903","I had entered the","I had entered the"
"7905","Fey ＆ Co. Law Offices.","Fey ＆ Co. Law Offices."
"7918","Of course, I had done so","Of course, I had done so"
"7920","to place the wiretap.","to place the wiretap."
"7933","That is when I saw this","That is when I saw this"
"7935","glass light stand.","glass light stand."
"7946","(Now I've just got to show","(Now I've just got to show"
"7948","him the proof Mia gave me!)","him the proof Mia gave me!)"
"7967","Do you have proof!?","Do you have proof!?"
"7983","Miss April May knew the","Miss April May knew the"
"7985","details of Ms. Fey's","details of Ms. Fey's"
"7987","phone conversation!","phone conversation!"
"7989","This proves that the wiretap","This proves that the wiretap"
"7991","was placed before the murder!","was placed before the murder!"
"7996","Huh... right.","Huh... right."
"8000","(Gah!","(Gah!"
"8002"," I have to show him the"," I have to show him the"
"8004","evidence Mia gave me!)","evidence Mia gave me!)"
"8027","Was it really you that","Was it really you that"
"8029","went into the office?","went into the office?"
"8031","Or was it Miss May?","Or was it Miss May?"
"8044","Unidentified fingerprints","Unidentified fingerprints"
"8046","several days old were found","several days old were found"
"8048","in the Fey ＆ Co. Law Offices.","in the Fey ＆ Co. Law Offices."
"8051","Those were obviously","Those were obviously"
"8053","Mr. White's.","Mr. White's."
"8062","(Gah!","(Gah!"
"8064"," I have to show him the"," I have to show him the"
"8066","evidence Mia gave me!)","evidence Mia gave me!)"
"8072","Now,","Now,"
"8074"," Mr. White."," Mr. White."
"8076"," Tell us why"," Tell us why"
"8078","you went to the Fey ＆ Co.","you went to the Fey ＆ Co."
"8080","Law Offices.","Law Offices."
"8100","Why did you tap Mia's","Why did you tap Mia's"
"8102","phone!?","phone!?"
"8115","This has no bearing on","This has no bearing on"
"8117","the current case,","the current case,"
"8119"," Your Honor."," Your Honor."
"8124","Objection sustained.","Objection sustained."
"8127","Mr. Wright...","Mr. Wright..."
"8131","I don't see how asking the","I don't see how asking the"
"8133","same questions again will ","same questions again will "
"8135","make any difference.","make any difference."
"8144","(Right!","(Right!"
"8146"," I have to show him the"," I have to show him the"
"8148","evidence Mia gave me!)","evidence Mia gave me!)"
"8167","Why did you notice something","Why did you notice something"
"8169","as innocuous as a light","as innocuous as a light"
"8171","stand!?","stand!?"
"8180","The light stand was made","The light stand was made"
"8182","entirely out of glass.","entirely out of glass."
"8184","It was quite stylish,","It was quite stylish,"
"8186"," so"," so"
"8188","I guess it made a lasting","I guess it made a lasting"
"8190","impression on me.","impression on me."
"8202","Look closely at this.","Look closely at this."
"8205","See the word ""Maya"" written","See the word ""Maya"" written"
"8207","in blood...?","in blood...?"
"8214","ࢀ","ࢀ"
"8220","Bwah hah!","Bwah hah!"
"8223","You're grasping!","You're grasping!"
"8237","I think not.","I think not."
"8239"," Look at the"," Look at the"
"8241","other side of the receipt.","other side of the receipt."
"8252","Th-","Th-"
"8254","the other side?","the other side?"
"8259","Your Honor.","Your Honor."
"8261","Would you tell the court","Would you tell the court"
"8263","what is written on the other","what is written on the other"
"8265","side of that receipt?","side of that receipt?"
"8271","Hmm...","Hmm..."
"8277","We","We"
"8279","ll!","ll!"
"8284","A ""glass light stand""!","A ""glass light stand""!"
"8286","And the date of purchase...","And the date of purchase..."
"8292","Why,","Why,"
"8294"," that's "," that's "
"8296","the day","the day"
"8298","before ","before "
"8300","the murder!","the murder!"
"8324","You see!","You see!"
"8326","Mr. White.","Mr. White."
"8328","When you allegedly entered","When you allegedly entered"
"8330","Fey ＆ Co. Law Offices at the","Fey ＆ Co. Law Offices at the"
"8332","beginning of September...","beginning of September..."
"8341","The ","The "
"8343","stand could ","stand could "
"8345","not","not"
"8347","have ","have "
"8349","been there!","been there!"
"8363","Kwaa","Kwaa"
"8366","aaaaa","aaaaa"
"8369","aaaaaa","aaaaaa"
"8371","aaa","aaa"
"8374","aaaaa","aaaaa"
"8377","aa","aa"
"8379","aaaaa","aaaaa"
"8381","a","a"
"8383","a","a"
"8385","a","a"
"8387","aaa","aaa"
"8389","aaaa","aaaa"
"8391","aaaaa","aaaaa"
"8393","aaa","aaa"
"8395","aaa","aaa"
"8397","aaaa","aaaa"
"8399","a","a"
"8401","a","a"
"8404","ahh!","ahh!"
"8413","Well,","Well,"
"8415"," Mr. White?"," Mr. White?"
"8419","Can't get out of this","Can't get out of this"
"8421","one,","one,"
"8423"," can you?"," can you?"
"8429","No...","No..."
"8434","It's ","It's "
"8436","imposs","imposs"
"8438","achievable...","achievable..."
"8450","(Uh oh...","(Uh oh..."
"8452"," he's losing it.)"," he's losing it.)"
"8455","...","..."
"8458","Well,","Well,"
"8460"," Your Honor."," Your Honor."
"8463","I understand there must be","I understand there must be"
"8465","quite a bit of PRESSURE","quite a bit of PRESSURE"
"8467","on you.","on you."
"8476","But I think you'll agree you","But I think you'll agree you"
"8478","can't judge me ""guilty"" under","can't judge me ""guilty"" under"
"8480","these circumstances.","these circumstances."
"8487","!","!"
"8491","......","......"
"8497","Very well.","Very well."
"8511","Then,","Then,"
"8513"," that is all for"," that is all for"
"8515","the trial of...","the trial of..."
"8537","Not so fast,","Not so fast,"
"8539"," "," "
"8542","Phoenix Wright","Phoenix Wright"
"8544","!","!"
"8558","Eh?","Eh?"
"8562","(What!","(What!"
"8564"," No way can he worm"," No way can he worm"
"8566","his way out of this one!)","his way out of this one!)"
"8571","(Oh wait...","(Oh wait..."
"8573"," "," "
"8575","I forgot.","I forgot."
"8579","It's Edgeworth.)","It's Edgeworth.)"
"8592","There is a certain thread","There is a certain thread"
"8594","of logic to the defendant's","of logic to the defendant's"
"8596","claims.","claims."
"8606","However!","However!"
"8608","There is no concrete proof","There is no concrete proof"
"8610","that Phoenix Wright is","that Phoenix Wright is"
"8612","innocent!","innocent!"
"8621","(...!)","(...!)"
"8627","Ergo!","Ergo!"
"8631","I would like to request one","I would like to request one"
"8633","more day before Phoenix Wright","more day before Phoenix Wright"
"8635","is granted his freedom.","is granted his freedom."
"8637","I need time to make one more","I need time to make one more"
"8639","inquiry into this matter.","inquiry into this matter."
"8646","Hmm...!","Hmm...!"
"8652","(Another inquiry...!?)","(Another inquiry...!?)"
"8654","(This isn't going to be","(This isn't going to be"
"8656","another one of those ","another one of those "
"8658","""updated autopsy reports""!)","""updated autopsy reports""!)"
"8663","(This guy just makes up","(This guy just makes up"
"8665","evidence as he pleases!)","evidence as he pleases!)"
"8668","(This is bad...!)","(This is bad...!)"
"8687","Mr. White's guilt","Mr. White's guilt"
"8689","is obvious!","is obvious!"
"8691","There is no need to prolong","There is no need to prolong"
"8693","this trial any further!","this trial any further!"
"8698","Hmm.","Hmm."
"8701","Well,","Well,"
"8703"," Mr. Edgeworth?"," Mr. Edgeworth?"
"8712","If anyone is going to call","If anyone is going to call"
"8714","Mr. White to trial,","Mr. White to trial,"
"8716"," it"," it"
"8718","would be me,","would be me,"
"8720"," the prosecution."," the prosecution."
"8723","I need a day to ascertain","I need a day to ascertain"
"8725","whether these new claims have","whether these new claims have"
"8727","any basis in factual evidence!","any basis in factual evidence!"
"8734","Hmm.","Hmm."
"8738","I see.","I see."
"8740","Objection denied!","Objection denied!"
"8748","Whaa","Whaa"
"8750","aat!","aat!"
"8759","(Hmm.","(Hmm."
"8761"," I don't know where he's"," I don't know where he's"
"8763","going with this.","going with this."
"8765"," I'd better"," I'd better"
"8767","hold back for now.)","hold back for now.)"
"8773","I see...","I see..."
"8777","Very well.","Very well."
"8781","As there is no objection from","As there is no objection from"
"8783","the defense,","the defense,"
"8785"," I grant"," I grant"
"8787","Mr. Edgeworth his extra day.","Mr. Edgeworth his extra day."
"8796","(Uh ","(Uh "
"8798","oh...)","oh...)"
"8816","The completion of the trial","The completion of the trial"
"8818","of Mr. Phoenix Wright will be","of Mr. Phoenix Wright will be"
"8820","postponed until tomorrow.","postponed until tomorrow."
"8829","(No!","(No!"
"8831"," There's no telling what"," There's no telling what"
"8833","will happen if I can't end","will happen if I can't end"
"8835","this now!)","this now!)"
"8838","(Edgeworth is sure to come up","(Edgeworth is sure to come up"
"8840","with--or just make up--","with--or just make up--"
"8842","something!)","something!)"
"8845","(And after Mia showed up","(And after Mia showed up"
"8847","to help me and all...)","to help me and all...)"
"8859","Mr. Your Honor!","Mr. Your Honor!"
"8864","May I go home?","May I go home?"
"8869","Of course.","Of course."
"8872","Thank you for your time.","Thank you for your time."
"8878","(G","(G"
"8880","ah!)","ah!)"
"8890","The ","The "
"8892","witness ","witness "
"8894","will ","will "
"8896","stay!","stay!"
"8901","(M-","(M-"
"8903","Mia...!)","Mia...!)"
"8909","Phoenix!","Phoenix!"
"8911","Read this note out loud.","Read this note out loud."
"8914","Mia?","Mia?"
"8916"," What's this...?"," What's this...?"
"8927","Memo received from Mia.","Memo received from Mia."
"8935","Your Honor.","Your Honor."
"8938","If I may...?","If I may...?"
"8943","You're quite persistent today,","You're quite persistent today,"
"8946","Mr. Wright!","Mr. Wright!"
"8955","(You bet I am!","(You bet I am!"
"8957"," My life is"," My life is"
"8959","riding on this one!)","riding on this one!)"
"8968","I have something I would","I have something I would"
"8970","like to read to the court!","like to read to the court!"
"8984","(No...","(No..."
"8986"," that's not it!"," that's not it!"
"8989","I can't mess this one up!)","I can't mess this one up!)"
"8995","Something the matter?","Something the matter?"
"9002","N-","N-"
"9004","no,","no,"
"9006"," Your Honor!"," Your Honor!"
"9023","The memo Mia had given me","The memo Mia had given me"
"9025","was a list of names.","was a list of names."
"9027","Many of them sounded","Many of them sounded"
"9029","strangely familiar.","strangely familiar."
"9031","People in finance,","People in finance,"
"9033"," famous"," famous"
"9035","celebrities...","celebrities..."
"9039","That's when it happened.","That's when it happened."
"9048","S-","S-"
"9050","s-","s-"
"9052","stop!","stop!"
"9055"," Desist! "," Desist! "
"9057","Halt!","Halt!"
"9060","P-","P-"
"9062","please,","please,"
"9064"," "," "
"9068","stop!","stop!"
"9074","Make him ","Make him "
"9076","stop!","stop!"
"9078","How...","How..."
"9082"," how did you"," how did you"
"9084","get that list!?","get that list!?"
"9090","Mr. White.","Mr. White."
"9092","Admit your guilt,","Admit your guilt,"
"9094"," right"," right"
"9096","here,","here,"
"9098"," right now."," right now."
"9102","Or else this list will","Or else this list will"
"9104","be released to the press!","be released to the press!"
"9116","!!!","!!!"
"9140","...","..."
"9143","I...","I..."
"9145"," I confess."," I confess."
"9148","I confess.","I confess."
"9151","I...","I..."
"9153"," I did it."," I did it."
"9156","I hit her.","I hit her."
"9161","I ","I "
"9163","hit Miss Mia with","hit Miss Mia with"
"9166","""The Thinker""!","""The Thinker""!"
"9169","...","..."
"9178","Case closed,","Case closed,"
"9180"," Your Honor."," Your Honor."
"9214","Well,","Well,"
"9216"," I see no reason to"," I see no reason to"
"9218","continue this trial.","continue this trial."
"9222","Mr. Wright?","Mr. Wright?"
"9227","Yes,","Yes,"
"9229"," Your Honor."," Your Honor."
"9234","You've done it again!","You've done it again!"
"9237","That was quite a spirited","That was quite a spirited"
"9239","defense!","defense!"
"9244","Yes,","Yes,"
"9246"," Your Honor."," Your Honor."
"9248","I guess you could say that.","I guess you could say that."
"9253","(If only you knew how","(If only you knew how"
"9255","""spirit""-ed it was!)","""spirit""-ed it was!)"
"9262","Hmm.","Hmm."
"9264"," Well!"," Well!"
"9267","This court finds the","This court finds the"
"9269","defense...","defense..."
"9271","Ahem!","Ahem!"
"9273"," Rather,"," Rather,"
"9275"," the defendant,"," the defendant,"
"9278","Mr. Phoenix Wright...","Mr. Phoenix Wright..."
"9304","That is all.","That is all."
"9307","This court is adjourned!","This court is adjourned!"
"9330","September 9, 2:24 PM","September 9, 2:24 PM"
"9332","District Court","District Court"
"9334","Defendant Lobby No. 1","Defendant Lobby No. 1"
"9353","Well,","Well,"
"9355"," I never thought I'd"," I never thought I'd"
"9357","be saying this again...","be saying this again..."
"9360","But,","But,"
"9362"," congratulations!"," congratulations!"
"9365","You're lucky I was","You're lucky I was"
"9367","born a Fey!","born a Fey!"
"9371","I'm lucky I had both","I'm lucky I had both"
"9373","you and Maya on my side.","you and Maya on my side."
"9377","I'm glad you made it.","I'm glad you made it."
"9379","...","..."
"9381","Thank you,","Thank you,"
"9383"," Phoenix."," Phoenix."
"9385","You risked a lot to help","You risked a lot to help"
"9387","me...","me..."
"9389"," and Maya."," and Maya."
"9391","I won't forget it as","I won't forget it as"
"9393","long as I live!","long as I live!"
"9399","(As long as you ""live""...?)","(As long as you ""live""...?)"
"9405","...","..."
"9408","My time here's running out.","My time here's running out."
"9414","Huh?","Huh?"
"9418","Maya's powers are still weak.","Maya's powers are still weak."
"9421","I can't stay here that long.","I can't stay here that long."
"9429","W-","W-"
"9431","what!?","what!?"
"9433"," No!"," No!"
"9436","There's still so much to say!","There's still so much to say!"
"9440","Don't worry.","Don't worry."
"9442","I'm sure we'll meet again.","I'm sure we'll meet again."
"9448","Ch-","Ch-"
"9450","Chief!","Chief!"
"9454","Hee hee.","Hee hee."
"9457","I'm not the ""Chief"" anymore.","I'm not the ""Chief"" anymore."
"9460","Phoenix?","Phoenix?"
"9462","Can you come to the office","Can you come to the office"
"9464","tonight...","tonight..."
"9466"," say,"," say,"
"9468"," 9:00?"," 9:00?"
"9474","The office...?","The office...?"
"9478","I'll see you later.","I'll see you later."
"9486","Chief...","Chief..."
"9490"," Mia!"," Mia!"
"9510","September 9, 9:02 PM","September 9, 9:02 PM"
"9512","Fey ＆ Co. Law Offices","Fey ＆ Co. Law Offices"
"9534","(Being here,","(Being here,"
"9536"," it's hard not"," it's hard not"
"9538","to think about that night...)","to think about that night...)"
"9545","You came!","You came!"
"9548","Mia...","Mia..."
"9551","I was kinda worried","I was kinda worried"
"9553","you might not.","you might not."
"9556","Huh?","Huh?"
"9558"," Of course I came..."," Of course I came..."
"9561","Well then!","Well then!"
"9565","I'm pretty hungry.","I'm pretty hungry."
"9568","How about a burger?","How about a burger?"
"9574","M-","M-"
"9576","Mia...?","Mia...?"
"9580","...","..."
"9586","Bwah ","Bwah "
"9588","hah ","hah "
"9590","hah!","hah!"
"9593","You should see your face!","You should see your face!"
"9598","Mia!","Mia!"
"9611","What are you talking about?","What are you talking about?"
"9614","It's me!","It's me!"
"9616"," Maya!"," Maya!"
"9622","M-","M-"
"9624","Maya...?","Maya...?"
"9628","What,","What,"
"9630"," did I look like"," did I look like"
"9632","my sister?","my sister?"
"9638","(Look like...","(Look like..."
"9640"," You WERE her!)"," You WERE her!)"
"9646","Hmm!","Hmm!"
"9648"," I might be able to"," I might be able to"
"9650","use that.","use that."
"9653","""Oh,","""Oh,"
"9655"," Phoenix!"," Phoenix!"
"9657"," Go to the store"," Go to the store"
"9659","and buy me lunch,","and buy me lunch,"
"9661"," would you?"""," would you?"""
"9665","Uhm, Maya...","Uhm, Maya..."
"9668","Why are you here?","Why are you here?"
"9677","Because of this!","Because of this!"
"9680","See?","See?"
"9682"," Mia wrote me a letter."," Mia wrote me a letter."
"9684","""Take care of Phoenix for me.""","""Take care of Phoenix for me."""
"9690","Take care of...","Take care of..."
"9692"," huh?"," huh?"
"9696","She means the office!","She means the office!"
"9699","This office!","This office!"
"9702","Someone has to help with the","Someone has to help with the"
"9704","new Wright ＆ Co. Law Offices,","new Wright ＆ Co. Law Offices,"
"9707","right?","right?"
"9710","And who better but me!","And who better but me!"
"9715","Maya Fey,","Maya Fey,"
"9717"," reporting for duty!"," reporting for duty!"
"9720","Wait,","Wait,"
"9722"," no,"," no,"
"9724"," on second thought,"," on second thought,"
"9727","let's make this casual!","let's make this casual!"
"9733","Yo,","Yo,"
"9735"," Nick!"," Nick!"
"9737"," Maya here,"," Maya here,"
"9739"," ready"," ready"
"9741","to get down to business!","to get down to business!"
"9743","You...","You..."
"9745"," don't mind me calling"," don't mind me calling"
"9747","you ""Nick,"" do you?","you ""Nick,"" do you?"
"9749","It's a great name!","It's a great name!"
"9751"," Mia said"," Mia said"
"9753","that's what your friend","that's what your friend"
"9755","Larry calls you.","Larry calls you."
"9760","(""Nick""...?)","(""Nick""...?)"
"9767","You know what this means?","You know what this means?"
"9770","We're partners!","We're partners!"
"9784","You know,","You know,"
"9786"," when I think"," when I think"
"9788","about it...","about it..."
"9790","It is Maya's fault","It is Maya's fault"
"9792","I'm here now.","I'm here now."
"9794","But...","But..."
"9796","If it wasn't for her","If it wasn't for her"
"9798","I'd probably be in jail!","I'd probably be in jail!"
"9801","""Wright ＆ Co. Law Offices.""","""Wright ＆ Co. Law Offices."""
"9803","It's got a good ring to it.","It's got a good ring to it."
"9806","Yeah!","Yeah!"
"9809","Thanks,","Thanks,"
"9811"," Maya!"," Maya!"
"9824","(Good luck,","(Good luck,"
"9826"," Phoenix.)"," Phoenix.)"
"9828","(I'll always be here...","(I'll always be here..."
"9831","watching.)","watching.)"
"9846","Right!","Right!"
"9848"," Okay,"," Okay,"
"9850"," Nick,"," Nick,"
"9852"," let's do it!"," let's do it!"
"9855","Huh?","Huh?"
"9857"," Do..."," Do..."
"9859"," what?"," what?"
"9863","Burgers,","Burgers,"
"9865"," dummy!"," dummy!"
"9867"," Burgers!"," Burgers!"
"9870","There's a great burger","There's a great burger"
"9872","joint just down the street.","joint just down the street."
"9876","C'mon!","C'mon!"
"9878"," Time's a wasting!"," Time's a wasting!"
"9883","O-","O-"
"9885","okay!","okay!"
"9887"," Wait up!"," Wait up!"
"9900","                      THE END","                      THE END"
"9927","That's enough!","That's enough!"
"9929","This court sees no reason to","This court sees no reason to"
"9931","further prolong the trial.","further prolong the trial."
"9933","The defense has failed to give","The defense has failed to give"
"9935","the court sufficient reason to","the court sufficient reason to"
"9937","doubt the prosecution's claim.","doubt the prosecution's claim."
"9940","This court finds the defense,","This court finds the defense,"
"9943","er,","er,"
"9945"," rather,"," rather,"
"9947"," the defendant,"," the defendant,"
"9950","Mr. Phoenix Wright...","Mr. Phoenix Wright..."
"9959","The accused will surrender","The accused will surrender"
"9961","to the court immediately,","to the court immediately,"
"9963","to be held pending trial at","to be held pending trial at"
"9965","a higher court within a","a higher court within a"
"9967","month from today's date.","month from today's date."
"9969","That is all.","That is all."
"9972","This court is adjourned!","This court is adjourned!"
